roundID,timestamp,crash
1,10/7/25 20:55,1.11
2,10/7/25 20:55,1.11
3,10/7/25 20:56,1.00
4,10/7/25 20:56,1.25
5,10/7/25 20:56,3.00
6,10/7/25 20:56,1.15
7,10/7/25 20:57,1.82
8,10/7/25 20:57,1.55
9,10/7/25 20:57,2.22
10,10/7/25 20:57,2.05
11,10/7/25 20:58,3.01
12,10/7/25 20:58,1.00
13,10/7/25 20:58,1.15
14,10/7/25 20:59,28.95
15,10/7/25 20:59,4.27
16,10/7/25 21:00,3.82
17,10/7/25 21:00,1.00
18,10/7/25 21:00,1.00
19,10/7/25 21:00,1.07
20,10/7/25 21:00,1.66
21,10/7/25 21:01,2.93
22,10/7/25 21:01,1.47
23,10/7/25 21:01,3.66
24,10/7/25 21:01,1.00
25,10/7/25 21:02,4.05
26,10/7/25 21:02,1.40
27,10/7/25 21:02,2.17
28,10/7/25 21:03,3.10
29,10/7/25 21:03,1.07
30,10/7/25 21:03,1.87
31,10/7/25 21:03,1.88
32,10/7/25 21:04,2.02
33,10/7/25 21:04,2.03
34,10/7/25 21:04,1.03
35,10/7/25 21:04,1.46
36,10/7/25 21:05,3.84
37,10/7/25 21:05,1.88
38,10/7/25 21:05,1.29
39,10/7/25 21:06,3.44
40,10/7/25 21:06,2.05
41,10/7/25 21:06,1.37
42,10/7/25 21:06,1.11
43,10/7/25 21:07,2.90
44,10/7/25 21:07,2.20
45,10/7/25 21:07,3.37
46,10/7/25 21:08,1.61
47,10/7/25 21:08,1.20
48,10/7/25 21:08,4.68
49,10/7/25 21:09,2.65
50,10/7/25 21:09,3.09
51,10/7/25 21:09,1.18
52,10/7/25 21:09,1.00
53,10/7/25 21:10,3.50
54,10/7/25 21:10,1.22
55,10/7/25 21:10,13.34
56,10/7/25 21:11,1.70
57,10/7/25 21:11,1.03
58,10/7/25 21:11,23.22
59,10/7/25 21:12,1.13
60,10/7/25 21:12,2.30
61,10/7/25 21:12,1.13
62,10/7/25 21:13,2.59
63,10/7/25 21:13,1.26
64,10/7/25 21:13,2.61
65,10/7/25 21:13,2.04
66,10/7/25 21:14,1.17
67,10/7/25 21:14,23.31
68,10/7/25 21:15,2.73
69,10/7/25 21:15,1.27
70,10/7/25 21:15,1.93
71,10/7/25 21:15,1.44
72,10/7/25 21:16,1.24
73,10/7/25 21:16,1.31
74,10/7/25 21:16,1.46
75,10/7/25 21:16,2.47
76,10/7/25 21:17,1.03
77,10/7/25 21:17,1.16
78,10/7/25 21:17,5.59
79,10/7/25 21:17,1.22
80,10/7/25 21:18,1.15
81,10/7/25 21:18,4.00
82,10/7/25 21:19,20.32
83,10/7/25 21:19,5.90
84,10/7/25 21:19,1.46
85,10/7/25 21:20,21.44
86,10/7/25 21:20,4.59
87,10/7/25 21:20,1.35
88,10/7/25 21:21,3.88
89,10/7/25 21:21,3.15
90,10/7/25 21:21,1.15
91,10/7/25 21:22,7.81
92,10/7/25 21:22,4.19
93,10/7/25 21:22,1.00
94,10/7/25 21:23,1.62
95,10/7/25 21:23,2.81
96,10/7/25 21:23,1.37
97,10/7/25 21:24,2.71
98,10/7/25 21:24,4.35
99,10/7/25 21:24,1.17
100,10/7/25 21:24,1.39
101,10/7/25 21:25,1.84
102,10/7/25 21:25,1.19
103,10/7/25 21:25,8.43
104,10/7/25 21:26,1.06
105,10/7/25 21:26,2.15
106,10/7/25 21:26,12.87
107,10/7/25 21:27,1.00
108,10/7/25 21:27,2.00
109,10/7/25 21:27,2.77
110,10/7/25 21:27,1.66
111,10/7/25 21:28,16.51
112,10/7/25 21:28,1.39
113,10/7/25 21:28,1.58
114,10/7/25 21:29,1.62
115,10/7/25 21:29,4.33
116,10/7/25 21:29,3.86
117,10/7/25 21:30,3.16
118,10/7/25 21:30,1.79
119,10/7/25 21:30,1.90
120,10/7/25 21:31,1.43
121,10/7/25 21:31,1.44
122,10/7/25 21:31,2.72
123,10/7/25 21:31,1.07
124,10/7/25 21:32,1.04
125,10/7/25 21:32,20.02
126,10/7/25 21:33,4.39
127,10/7/25 21:33,1.00
128,10/7/25 21:33,1.31
129,10/7/25 21:33,1.00
130,10/7/25 21:33,1.59
131,10/7/25 21:34,1.78
132,10/7/25 21:34,2.64
133,10/7/25 21:34,1.17
134,10/7/25 21:34,1.18
135,10/7/25 21:35,2.95
136,10/7/25 21:35,2.63
137,10/7/25 21:35,1.05
138,10/7/25 21:36,20.60
139,10/7/25 21:36,9.17
140,10/7/25 21:37,1.00
141,10/7/25 21:37,1.37
142,10/7/25 21:37,1.46
143,10/7/25 21:37,3.24
144,10/7/25 21:38,1.09
145,10/7/25 21:38,1.60
146,10/7/25 21:38,1.25
147,10/7/25 21:38,3.20
148,10/7/25 21:39,2.23
149,10/7/25 21:39,1.18
150,10/7/25 21:39,1.80
151,10/7/25 21:40,3.11
152,10/7/25 21:40,7.18
153,10/7/25 21:40,1.00
154,10/7/25 21:40,1.62
155,10/7/25 21:41,4.02
156,10/7/25 21:41,2.18
157,10/7/25 21:41,1.62
158,10/7/25 21:42,21.75
159,10/7/25 21:42,1.00
160,10/7/25 21:43,4.90
161,10/7/25 21:43,1.41
162,10/7/25 21:43,11.21
163,10/7/25 21:43,1.16
164,10/7/25 21:44,5.69
165,10/7/25 21:44,5.56
166,10/7/25 21:45,1.73
167,10/7/25 21:45,1.00
168,10/7/25 21:45,2.15
169,10/7/25 21:45,2.90
170,10/7/25 21:46,1.14
171,10/7/25 21:46,1.38
172,10/7/25 21:46,2.95
173,10/7/25 21:46,1.22
174,10/7/25 21:47,1.00
175,10/7/25 21:47,3.63
176,10/7/25 21:47,1.00
177,10/7/25 21:47,2.25
178,10/7/25 21:48,1.36
179,10/7/25 21:48,1.03
180,10/7/25 21:48,1.42
181,10/7/25 21:48,1.37
182,10/7/25 21:49,16.12
183,10/7/25 21:49,10.91
184,10/7/25 21:50,1.51
185,10/7/25 21:51,2.57
186,10/7/25 21:51,2.44
187,10/7/25 21:51,2.64
188,10/7/25 21:52,4.86
189,10/7/25 21:52,14.85
190,10/7/25 21:52,2.32
191,10/7/25 21:53,6.97
192,10/7/25 21:53,1.39
193,10/7/25 21:53,2.91
194,10/7/25 21:54,2.21
195,10/7/25 21:54,1.35
196,10/7/25 21:54,2.02
197,10/7/25 21:55,2.34
198,10/7/25 21:55,1.59
199,10/7/25 21:55,11.71
200,10/7/25 21:56,7.08
201,10/7/25 21:56,2.64
202,10/7/25 21:56,1.48
203,10/7/25 21:57,4.42
204,10/7/25 21:57,12.44
205,10/7/25 21:58,5.82
206,10/7/25 21:58,2.66
207,10/7/25 21:58,2.28
208,10/7/25 21:59,1.59
209,10/7/25 21:59,16.45
210,10/7/25 22:00,13.31
211,10/7/25 22:00,1.08
212,10/7/25 22:00,1.66
213,10/7/25 22:00,4.02
214,10/7/25 22:01,2.41
215,10/7/25 22:01,3.60
216,10/7/25 22:02,3.62
217,10/7/25 22:02,1.68
218,10/7/25 22:02,6.49
219,10/7/25 22:02,1.91
220,10/7/25 22:03,1.32
221,10/7/25 22:03,5.43
222,10/7/25 22:03,1.07
223,10/7/25 22:04,27.63
224,10/7/25 22:04,1.16
225,10/7/25 22:04,1.14
226,10/7/25 22:05,1.56
227,10/7/25 22:05,1.14
228,10/7/25 22:05,1.21
229,10/7/25 22:05,2.21
230,10/7/25 22:06,3.23
231,10/7/25 22:06,1.82
232,10/7/25 22:06,1.44
233,10/7/25 22:07,24.66
234,10/7/25 22:08,22.48
235,10/7/25 22:08,1.38
236,10/7/25 22:08,1.13
237,10/7/25 22:08,1.16
238,10/7/25 22:09,1.40
239,10/7/25 22:09,3.82
240,10/7/25 22:10,20.54
241,10/7/25 22:10,1.29
242,10/7/25 22:10,8.13
243,10/7/25 22:11,2.32
244,10/7/25 22:11,1.73
245,10/7/25 22:11,4.80
246,10/7/25 22:12,10.19
247,10/7/25 22:12,2.62
248,10/7/25 22:13,17.19
249,10/7/25 22:13,1.50
250,10/7/25 22:13,1.82
251,10/7/25 22:13,3.18
252,10/7/25 22:14,1.13
253,10/7/25 22:14,1.36
254,10/7/25 22:14,1.38
255,10/7/25 22:14,2.53
256,10/7/25 22:15,1.08
257,10/7/25 22:15,5.92
258,10/7/25 22:15,1.27
259,10/7/25 22:16,3.91
260,10/7/25 22:16,2.25
261,10/7/25 22:16,6.23
262,10/7/25 22:17,2.60
263,10/7/25 22:17,4.09
264,10/7/25 22:17,2.41
265,10/7/25 22:18,2.79
266,10/7/25 22:18,3.53
267,10/7/25 22:18,1.31
268,10/7/25 22:18,1.28
269,10/7/25 22:19,5.11
270,10/7/25 22:19,11.44
271,10/7/25 22:20,1.67
272,10/7/25 22:20,19.07
273,10/7/25 22:21,2.27
274,10/7/25 22:21,1.00
275,10/7/25 22:21,3.80
276,10/7/25 22:22,16.37
277,10/7/25 22:22,1.58
278,10/7/25 22:22,1.61
279,10/7/25 22:23,7.91
280,10/7/25 22:23,1.89
281,10/7/25 22:23,1.33
282,10/7/25 22:23,1.30
283,10/7/25 22:24,1.21
284,10/7/25 22:24,11.44
285,10/7/25 22:25,3.16
286,10/7/25 22:25,1.00
287,10/7/25 22:25,2.15
288,10/7/25 22:25,1.01
289,10/7/25 22:25,1.02
290,10/7/25 22:26,1.00
291,10/7/25 22:26,1.36
292,10/7/25 22:26,1.43
293,10/7/25 22:26,1.88
294,10/7/25 22:27,4.67
295,10/7/25 22:27,7.09
296,10/7/25 22:27,1.69
297,10/7/25 22:28,3.65
298,10/7/25 22:28,2.52
299,10/7/25 22:28,1.46
300,10/7/25 22:29,2.20
301,10/7/25 22:29,1.11
302,10/7/25 22:29,2.00
303,10/7/25 22:30,12.45
304,10/7/25 22:30,3.58
305,10/7/25 22:30,1.75
306,10/7/25 22:30,1.98
307,10/7/25 22:31,1.33
308,10/7/25 22:31,4.34
309,10/7/25 22:32,7.31
310,10/7/25 22:32,1.65
311,10/7/25 22:32,10.92
312,10/7/25 22:32,1.15
313,10/7/25 22:33,30.84
314,10/7/25 22:34,2.43
315,10/7/25 22:34,3.82
316,10/7/25 22:34,6.70
317,10/7/25 22:35,2.06
318,10/7/25 22:35,2.97
319,10/7/25 22:35,1.57
320,10/7/25 22:35,1.55
321,10/7/25 22:36,1.32
322,10/7/25 22:36,2.22
323,10/7/25 22:36,1.47
324,10/7/25 22:36,1.05
325,10/7/25 22:37,2.75
326,10/7/25 22:37,1.00
327,10/7/25 22:37,2.56
328,10/7/25 22:38,1.78
329,10/7/25 22:38,20.66
330,10/7/25 22:38,1.27
331,10/7/25 22:39,1.92
332,10/7/25 22:39,2.70
333,10/7/25 22:39,1.05
334,10/7/25 22:39,1.75
335,10/7/25 22:40,2.84
336,10/7/25 22:40,1.32
337,10/7/25 22:40,1.76
338,10/7/25 22:41,1.83
339,10/7/25 22:41,3.36
340,10/7/25 22:41,1.11
341,10/7/25 22:41,2.19
342,10/7/25 22:42,11.55
343,10/7/25 22:42,1.33
344,10/7/25 22:42,3.06
345,10/7/25 22:43,1.17
346,10/7/25 22:43,3.59
347,10/7/25 22:43,1.25
348,10/7/25 22:44,1.59
349,10/7/25 22:44,1.39
350,10/7/25 22:44,4.28
351,10/7/25 22:45,7.84
352,10/7/25 22:45,1.57
353,10/7/25 22:45,1.13
354,10/7/25 22:45,3.86
355,10/7/25 22:46,1.34
356,10/7/25 22:46,3.11
357,10/7/25 22:46,5.07
358,10/7/25 22:47,22.31
359,10/7/25 22:47,2.86
360,10/7/25 22:48,1.86
361,10/7/25 22:48,1.74
362,10/7/25 22:48,1.18
363,10/7/25 22:48,1.03
364,10/7/25 22:49,5.69
365,10/7/25 22:49,1.32
366,10/7/25 22:49,1.37
367,10/7/25 22:49,1.71
368,10/7/25 22:50,1.50
369,10/7/25 22:50,1.51
370,10/7/25 22:50,1.43
371,10/7/25 22:50,1.04
372,10/7/25 22:51,1.03
373,10/7/25 22:51,1.00
374,10/7/25 22:51,1.86
375,10/7/25 22:51,1.13
376,10/7/25 22:52,3.86
377,10/7/25 22:52,1.17
378,10/7/25 22:52,1.78
379,10/7/25 22:52,1.35
380,10/7/25 22:53,1.18
381,10/7/25 22:53,1.27
382,10/7/25 22:53,2.28
383,10/7/25 22:53,5.35
384,10/7/25 22:54,1.60
385,10/7/25 22:54,3.33
386,10/7/25 22:54,2.04
387,10/7/25 22:55,3.68
388,10/7/25 22:55,1.87
389,10/7/25 22:55,1.07
390,10/7/25 22:55,1.05
391,10/7/25 22:56,21.19
392,10/7/25 22:56,4.70
393,10/7/25 22:57,6.06
394,10/7/25 22:57,1.35
395,10/7/25 22:58,24.78
396,10/7/25 22:58,1.00
397,10/7/25 22:58,7.35
398,10/7/25 22:59,2.08
399,10/7/25 22:59,1.27
400,10/7/25 23:00,20.52
401,10/7/25 23:00,1.27
402,10/7/25 23:00,1.22
403,10/7/25 23:00,5.92
404,10/7/25 23:01,9.35
405,10/7/25 23:01,7.44
406,10/7/25 23:02,1.01
407,10/7/25 23:02,1.72
408,10/7/25 23:02,1.26
409,10/7/25 23:02,2.54
410,10/7/25 23:03,4.66
411,10/7/25 23:03,2.35
412,10/7/25 23:03,1.95
413,10/7/25 23:04,2.70
414,10/7/25 23:04,1.06
415,10/7/25 23:04,2.90
416,10/7/25 23:04,1.05
417,10/7/25 23:05,12.94
418,10/7/25 23:05,14.44
419,10/7/25 23:06,5.20
420,10/7/25 23:06,2.38
421,10/7/25 23:06,1.48
422,10/7/25 23:07,18.92
423,10/7/25 23:07,1.76
424,10/7/25 23:08,29.81
425,10/7/25 23:08,6.77
426,10/7/25 23:09,1.59
427,10/7/25 23:09,1.47
428,10/7/25 23:09,4.27
429,10/7/25 23:10,2.00
430,10/7/25 23:10,1.91
431,10/7/25 23:10,3.86
432,10/7/25 23:11,24.85
433,10/7/25 23:11,1.00
434,10/7/25 23:11,1.34
435,10/7/25 23:12,1.86
436,10/7/25 23:12,18.64
437,10/7/25 23:13,16.67
438,10/7/25 23:13,5.17
439,10/7/25 23:14,10.97
440,10/7/25 23:14,1.67
441,10/7/25 23:14,1.29
442,10/7/25 23:15,5.31
443,10/7/25 23:15,4.30
444,10/7/25 23:15,1.41
445,10/7/25 23:15,1.02
446,10/7/25 23:16,1.16
447,10/7/25 23:16,2.17
448,10/7/25 23:16,2.71
449,10/7/25 23:16,1.42
450,10/7/25 23:17,30.13
451,10/7/25 23:18,18.00
452,10/7/25 23:18,1.39
453,10/7/25 23:18,3.58
454,10/7/25 23:19,2.86
455,10/7/25 23:19,2.60
456,10/7/25 23:19,1.00
457,10/7/25 23:20,2.83
458,10/7/25 23:20,1.01
459,10/7/25 23:20,1.09
460,10/7/25 23:20,4.89
461,10/7/25 23:21,1.20
462,10/7/25 23:21,1.02
463,10/7/25 23:21,1.48
464,10/7/25 23:21,1.03
465,10/7/25 23:21,1.76
466,10/7/25 23:22,2.90
467,10/7/25 23:22,18.50
468,10/7/25 23:23,6.65
469,10/7/25 23:23,1.00
470,10/7/25 23:23,1.41
471,10/7/25 23:24,2.64
472,10/7/25 23:24,1.34
473,10/7/25 23:24,5.34
474,10/7/25 23:24,1.05
475,10/7/25 23:25,1.10
476,10/7/25 23:25,3.93
477,10/7/25 23:25,1.17
478,10/7/25 23:25,1.56
479,10/7/25 23:26,15.13
480,10/7/25 23:26,1.40
481,10/7/25 23:27,2.69
482,10/7/25 23:27,21.51
483,10/7/25 23:28,7.06
484,10/7/25 23:28,5.23
485,10/7/25 23:28,3.15
486,10/7/25 23:29,4.26
487,10/7/25 23:29,1.31
488,10/7/25 23:29,1.85
489,10/7/25 23:30,1.95
490,10/7/25 23:30,6.35
491,10/7/25 23:30,1.78
492,10/7/25 23:30,2.12
493,10/7/25 23:31,2.28
494,10/7/25 23:31,3.17
495,10/7/25 23:31,1.85
496,10/7/25 23:32,1.71
497,10/7/25 23:32,1.08
498,10/7/25 23:32,3.12
499,10/7/25 23:33,3.32
500,10/7/25 23:33,1.28
501,10/7/25 23:33,1.40
502,10/7/25 23:33,4.31
503,10/7/25 23:34,2.98
504,10/7/25 23:34,2.72
505,10/7/25 23:34,1.49
506,10/7/25 23:35,9.30
507,10/7/25 23:35,1.91
508,10/7/25 23:35,1.95
509,10/7/25 23:36,1.35
510,10/7/25 23:36,2.46
511,10/7/25 23:36,1.56
512,10/7/25 23:36,1.50
513,10/7/25 23:37,22.78
514,10/7/25 23:37,1.02
515,10/7/25 23:38,3.07
516,10/7/25 23:38,1.31
517,10/7/25 23:39,28.35
518,10/7/25 23:39,1.75
519,10/7/25 23:39,1.00
520,10/7/25 23:39,1.52
521,10/7/25 23:39,1.00
522,10/7/25 23:40,2.06
523,10/7/25 23:40,2.85
524,10/7/25 23:40,1.16
525,10/7/25 23:40,1.38
526,10/7/25 23:41,1.07
527,10/7/25 23:41,2.21
528,10/7/25 23:41,3.83
529,10/7/25 23:42,28.47
530,10/7/25 23:42,1.30
531,10/7/25 23:42,1.39
532,10/7/25 23:43,1.10
533,10/7/25 23:43,8.20
534,10/7/25 23:43,1.94
535,10/7/25 23:44,1.08
536,10/7/25 23:44,1.02
537,10/7/25 23:44,6.37
538,10/7/25 23:44,1.27
539,10/7/25 23:45,1.16
540,10/7/25 23:45,1.83
541,10/7/25 23:45,1.93
542,10/7/25 23:46,1.16
543,10/7/25 23:46,1.29
544,10/7/25 23:46,1.14
545,10/7/25 23:46,1.17
546,10/7/25 23:47,5.80
547,10/7/25 23:47,2.75
548,10/7/25 23:47,3.53
549,10/7/25 23:48,22.10
550,10/7/25 23:48,3.21
551,10/7/25 23:48,1.55
552,10/7/25 23:49,11.87
553,10/7/25 23:49,2.16
554,10/7/25 23:50,2.03
555,10/7/25 23:50,4.19
556,10/7/25 23:50,1.49
557,10/7/25 23:51,24.58
558,10/7/25 23:51,2.40
559,10/7/25 23:51,1.62
560,10/7/25 23:52,1.00
561,10/7/25 23:52,2.07
562,10/7/25 23:52,6.47
563,10/7/25 23:53,3.87
564,10/7/25 23:53,1.15
565,10/7/25 23:53,2.83
566,10/7/25 23:53,1.01
567,10/7/25 23:54,2.65
568,10/7/25 23:54,3.67
569,10/7/25 23:54,1.08
570,10/7/25 23:54,1.13
571,10/7/25 23:55,3.36
572,10/7/25 23:55,6.32
573,10/7/25 23:56,3.71
574,10/7/25 23:56,1.43
575,10/7/25 23:56,6.96
576,10/7/25 23:56,1.04
577,10/7/25 23:57,2.13
578,10/7/25 23:57,15.94
579,10/7/25 23:58,1.28
580,10/7/25 23:58,1.87
581,10/7/25 23:58,5.32
582,10/7/25 23:58,1.56
583,10/7/25 23:59,3.03
584,10/7/25 23:59,1.38
585,10/7/25 23:59,1.30
586,10/7/25 23:59,1.07
587,10/8/25 0:00,3.63
588,10/8/25 0:00,2.89
589,10/8/25 0:00,2.21
590,10/8/25 0:01,4.48
591,10/8/25 0:01,1.90
592,10/8/25 0:01,4.82
593,10/8/25 0:02,1.13
594,10/8/25 0:02,1.14
595,10/8/25 0:02,1.27
596,10/8/25 0:02,3.95
597,10/8/25 0:03,20.03
598,10/8/25 0:03,1.05
599,10/8/25 0:04,1.36
600,10/8/25 0:04,2.16
601,10/8/25 0:04,1.17
602,10/8/25 0:04,1.41
603,10/8/25 0:05,2.51
604,10/8/25 0:05,1.50
605,10/8/25 0:05,2.28
606,10/8/25 0:05,1.00
607,10/8/25 0:06,9.96
608,10/8/25 0:06,2.52
609,10/8/25 0:07,6.72
610,10/8/25 0:07,6.05
611,10/8/25 0:07,5.63
612,10/8/25 0:08,2.84
613,10/8/25 0:08,1.00
614,10/8/25 0:08,2.60
615,10/8/25 0:08,1.72
616,10/8/25 0:09,2.68
617,10/8/25 0:09,1.49
618,10/8/25 0:09,1.00
619,10/8/25 0:09,1.89
620,10/8/25 0:10,1.00
621,10/8/25 0:10,1.52
622,10/8/25 0:10,1.05
623,10/8/25 0:10,2.62
624,10/8/25 0:11,1.08
625,10/8/25 0:11,1.28
626,10/8/25 0:11,2.05
627,10/8/25 0:11,3.09
628,10/8/25 0:12,1.95
629,10/8/25 0:12,2.41
630,10/8/25 0:12,1.61
631,10/8/25 0:13,8.38
632,10/8/25 0:13,1.04
633,10/8/25 0:13,1.43
634,10/8/25 0:13,1.04
635,10/8/25 0:14,3.20
636,10/8/25 0:14,1.26
637,10/8/25 0:14,3.42
638,10/8/25 0:15,5.57
639,10/8/25 0:15,2.26
640,10/8/25 0:15,4.83
641,10/8/25 0:16,1.21
642,10/8/25 0:16,2.43
643,10/8/25 0:16,1.36
644,10/8/25 0:17,9.11
645,10/8/25 0:17,2.24
646,10/8/25 0:17,2.65
647,10/8/25 0:18,12.25
648,10/8/25 0:18,2.08
649,10/8/25 0:18,1.10
650,10/8/25 0:19,4.38
651,10/8/25 0:19,1.56
652,10/8/25 0:19,1.01
653,10/8/25 0:19,1.25
654,10/8/25 0:20,1.48
655,10/8/25 0:20,1.04
656,10/8/25 0:20,2.65
657,10/8/25 0:20,1.55
658,10/8/25 0:21,1.88
659,10/8/25 0:21,1.78
660,10/8/25 0:21,3.02
661,10/8/25 0:22,3.56
662,10/8/25 0:22,1.83
663,10/8/25 0:22,2.60
664,10/8/25 0:22,1.00
665,10/8/25 0:23,3.16
666,10/8/25 0:23,1.74
667,10/8/25 0:23,1.09
668,10/8/25 0:24,7.78
669,10/8/25 0:24,4.33
670,10/8/25 0:24,1.21
671,10/8/25 0:24,1.95
672,10/8/25 0:25,3.95
673,10/8/25 0:25,26.21
674,10/8/25 0:26,3.40
675,10/8/25 0:26,2.19
676,10/8/25 0:27,6.46
677,10/8/25 0:27,3.27
678,10/8/25 0:27,2.17
679,10/8/25 0:27,1.51
680,10/8/25 0:28,1.15
681,10/8/25 0:28,2.52
682,10/8/25 0:28,9.48
683,10/8/25 0:29,1.66
684,10/8/25 0:29,2.50
685,10/8/25 0:29,3.38
686,10/8/25 0:30,1.89
687,10/8/25 0:30,1.25
688,10/8/25 0:30,2.85
689,10/8/25 0:30,1.50
690,10/8/25 0:31,5.15
691,10/8/25 0:31,1.23
692,10/8/25 0:31,2.68
693,10/8/25 0:32,1.10
694,10/8/25 0:32,4.24
695,10/8/25 0:32,2.60
696,10/8/25 0:33,6.92
697,10/8/25 0:33,2.70
698,10/8/25 0:33,1.17
699,10/8/25 0:33,1.19
700,10/8/25 0:34,31.21
701,10/8/25 0:34,2.68
702,10/8/25 0:35,17.47
703,10/8/25 0:35,2.88
704,10/8/25 0:36,3.15
705,10/8/25 0:36,5.61
706,10/8/25 0:36,1.65
707,10/8/25 0:37,1.30
708,10/8/25 0:37,2.30
709,10/8/25 0:37,1.23
710,10/8/25 0:37,1.46
711,10/8/25 0:38,1.73
712,10/8/25 0:38,3.74
713,10/8/25 0:38,2.09
714,10/8/25 0:39,1.44
715,10/8/25 0:39,1.91
716,10/8/25 0:39,1.89
717,10/8/25 0:40,6.14
718,10/8/25 0:40,1.13
719,10/8/25 0:40,1.43
720,10/8/25 0:40,1.81
721,10/8/25 0:40,1.07
722,10/8/25 0:41,1.34
723,10/8/25 0:41,1.26
724,10/8/25 0:41,1.08
725,10/8/25 0:41,1.43
726,10/8/25 0:42,1.13
727,10/8/25 0:42,1.34
728,10/8/25 0:42,1.76
729,10/8/25 0:42,1.00
730,10/8/25 0:42,1.26
731,10/8/25 0:43,2.90
732,10/8/25 0:43,1.22
733,10/8/25 0:43,1.43
734,10/8/25 0:44,25.38
735,10/8/25 0:44,2.33
736,10/8/25 0:45,5.14
737,10/8/25 0:45,3.42
738,10/8/25 0:45,1.07
739,10/8/25 0:46,4.96
740,10/8/25 0:46,1.16
741,10/8/25 0:46,1.10
742,10/8/25 0:46,1.01
743,10/8/25 0:47,5.40
744,10/8/25 0:47,1.13
745,10/8/25 0:47,3.60
746,10/8/25 0:48,10.46
747,10/8/25 0:48,1.52
748,10/8/25 0:48,1.54
749,10/8/25 0:48,2.42
750,10/8/25 0:49,15.04
751,10/8/25 0:49,1.39
752,10/8/25 0:50,1.23
753,10/8/25 0:50,4.13
754,10/8/25 0:50,2.36
755,10/8/25 0:51,4.08
756,10/8/25 0:51,2.83
757,10/8/25 0:51,1.10
758,10/8/25 0:51,1.50
759,10/8/25 0:52,2.48
760,10/8/25 0:52,1.22
761,10/8/25 0:52,4.16
762,10/8/25 0:53,2.29
763,10/8/25 0:53,9.19
764,10/8/25 0:53,1.22
765,10/8/25 0:53,1.98
766,10/8/25 0:54,2.82
767,10/8/25 0:54,1.01
768,10/8/25 0:54,1.16
769,10/8/25 0:54,1.10
770,10/8/25 0:55,8.33
771,10/8/25 0:55,2.32
772,10/8/25 0:56,19.81
773,10/8/25 0:56,2.18
774,10/8/25 0:56,1.64
775,10/8/25 0:57,1.91
776,10/8/25 0:57,1.10
777,10/8/25 0:57,16.71
778,10/8/25 0:58,1.27
779,10/8/25 0:58,3.12
780,10/8/25 0:59,21.29
781,10/8/25 0:59,3.89
782,10/8/25 0:59,1.06
783,10/8/25 0:59,1.00
784,10/8/25 1:00,3.00
785,10/8/25 1:00,23.86
786,10/8/25 1:01,7.51
787,10/8/25 1:01,1.70
788,10/8/25 1:02,21.13
789,10/8/25 1:02,2.69
790,10/8/25 1:03,11.46
791,10/8/25 1:03,1.36
792,10/8/25 1:03,1.94
793,10/8/25 1:03,2.32
794,10/8/25 1:04,1.10
795,10/8/25 1:04,7.01
796,10/8/25 1:04,2.39
797,10/8/25 1:05,2.78
798,10/8/25 1:05,15.92
799,10/8/25 1:05,1.39
800,10/8/25 1:06,1.25
801,10/8/25 1:06,4.01
802,10/8/25 1:06,1.88
803,10/8/25 1:07,11.31
804,10/8/25 1:07,2.33
805,10/8/25 1:07,1.80
806,10/8/25 1:08,1.20
807,10/8/25 1:08,3.95
808,10/8/25 1:08,1.02
809,10/8/25 1:08,1.25
810,10/8/25 1:09,1.04
811,10/8/25 1:09,2.22
812,10/8/25 1:09,1.15
813,10/8/25 1:09,1.03
814,10/8/25 1:10,1.02
815,10/8/25 1:10,21.87
816,10/8/25 1:10,2.08
817,10/8/25 1:11,1.19
818,10/8/25 1:11,1.11
819,10/8/25 1:11,1.55
820,10/8/25 1:11,1.27
821,10/8/25 1:12,2.18
822,10/8/25 1:12,2.01
823,10/8/25 1:12,1.38
824,10/8/25 1:12,1.62
825,10/8/25 1:13,1.00
826,10/8/25 1:13,16.13
827,10/8/25 1:14,3.11
828,10/8/25 1:14,2.03
829,10/8/25 1:14,1.38
830,10/8/25 1:14,2.30
831,10/8/25 1:15,1.81
832,10/8/25 1:15,2.16
833,10/8/25 1:15,1.41
834,10/8/25 1:16,3.11
835,10/8/25 1:16,7.84
836,10/8/25 1:16,1.68
837,10/8/25 1:16,1.35
838,10/8/25 1:17,3.01
839,10/8/25 1:17,1.93
840,10/8/25 1:17,1.14
841,10/8/25 1:18,6.50
842,10/8/25 1:18,3.66
843,10/8/25 1:18,1.48
844,10/8/25 1:19,1.34
845,10/8/25 1:19,3.48
846,10/8/25 1:19,2.01
847,10/8/25 1:19,1.22
848,10/8/25 1:20,11.90
849,10/8/25 1:20,1.29
850,10/8/25 1:21,6.74
851,10/8/25 1:21,1.06
852,10/8/25 1:21,2.13
853,10/8/25 1:21,2.13
854,10/8/25 1:22,1.01
855,10/8/25 1:22,1.01
856,10/8/25 1:22,21.06
857,10/8/25 1:23,1.32
858,10/8/25 1:23,5.00
859,10/8/25 1:23,1.50
860,10/8/25 1:23,1.75
861,10/8/25 1:24,4.32
862,10/8/25 1:24,4.09
863,10/8/25 1:25,3.23
864,10/8/25 1:25,1.14
865,10/8/25 1:25,2.44
866,10/8/25 1:25,4.58
867,10/8/25 1:26,2.60
868,10/8/25 1:26,2.69
869,10/8/25 1:26,1.67
870,10/8/25 1:27,13.12
871,10/8/25 1:27,1.62
872,10/8/25 1:27,1.62
873,10/8/25 1:28,2.10
874,10/8/25 1:28,3.71
875,10/8/25 1:28,1.78
876,10/8/25 1:29,1.09
877,10/8/25 1:29,2.52
878,10/8/25 1:29,1.71
879,10/8/25 1:29,1.04
880,10/8/25 1:30,20.54
881,10/8/25 1:30,11.87
882,10/8/25 1:31,25.88
883,10/8/25 1:31,1.48
884,10/8/25 1:32,1.56
885,10/8/25 1:32,2.71
886,10/8/25 1:32,1.22
887,10/8/25 1:33,5.51
888,10/8/25 1:33,1.98
889,10/8/25 1:33,1.03
890,10/8/25 1:33,1.35
891,10/8/25 1:34,1.53
892,10/8/25 1:34,3.14
893,10/8/25 1:34,2.09
894,10/8/25 1:35,17.95
895,10/8/25 1:35,1.23
896,10/8/25 1:35,1.48
897,10/8/25 1:35,1.00
898,10/8/25 1:36,1.00
899,10/8/25 1:36,1.04
900,10/8/25 1:36,4.94
901,10/8/25 1:36,1.24
902,10/8/25 1:37,2.86
903,10/8/25 1:37,1.97
904,10/8/25 1:37,1.13
905,10/8/25 1:38,6.08
906,10/8/25 1:38,1.63
907,10/8/25 1:38,3.51
908,10/8/25 1:39,1.87
909,10/8/25 1:39,1.15
910,10/8/25 1:39,3.48
911,10/8/25 1:40,7.27
912,10/8/25 1:40,3.23
913,10/8/25 1:41,28.67
914,10/8/25 1:41,24.09
915,10/8/25 1:41,1.38
916,10/8/25 1:42,1.00
917,10/8/25 1:42,2.61
918,10/8/25 1:42,1.22
919,10/8/25 1:42,1.06
920,10/8/25 1:43,2.66
921,10/8/25 1:43,15.20
922,10/8/25 1:44,4.45
923,10/8/25 1:44,2.58
924,10/8/25 1:44,1.71
925,10/8/25 1:44,1.00
926,10/8/25 1:45,1.19
927,10/8/25 1:45,9.32
928,10/8/25 1:45,2.82
929,10/8/25 1:46,2.12
930,10/8/25 1:46,1.12
931,10/8/25 1:46,1.55
932,10/8/25 1:46,1.12
933,10/8/25 1:47,10.34
934,10/8/25 1:47,4.89
935,10/8/25 1:48,2.28
936,10/8/25 1:48,1.68
937,10/8/25 1:48,2.19
938,10/8/25 1:49,13.56
939,10/8/25 1:49,1.02
940,10/8/25 1:49,1.25
941,10/8/25 1:49,2.38
942,10/8/25 1:50,1.34
943,10/8/25 1:50,3.54
944,10/8/25 1:50,1.05
945,10/8/25 1:50,1.05
946,10/8/25 1:51,3.18
947,10/8/25 1:51,2.98
948,10/8/25 1:51,1.48
949,10/8/25 1:52,1.50
950,10/8/25 1:52,1.74
951,10/8/25 1:52,15.03
952,10/8/25 1:53,1.07
953,10/8/25 1:53,1.19
954,10/8/25 1:53,6.53
955,10/8/25 1:53,1.36
956,10/8/25 1:54,1.24
957,10/8/25 1:54,29.83
958,10/8/25 1:55,3.63
959,10/8/25 1:55,3.58
960,10/8/25 1:55,1.24
961,10/8/25 1:56,27.03
962,10/8/25 1:57,15.84
963,10/8/25 1:57,3.21
964,10/8/25 1:58,14.37
965,10/8/25 1:58,5.56
966,10/8/25 1:58,1.98
967,10/8/25 1:59,5.99
968,10/8/25 1:59,8.91
969,10/8/25 1:59,1.11
970,10/8/25 2:00,1.04
971,10/8/25 2:00,18.80
972,10/8/25 2:01,8.19
973,10/8/25 2:01,9.16
974,10/8/25 2:01,1.98
975,10/8/25 2:02,1.27
976,10/8/25 2:02,4.61
977,10/8/25 2:02,1.80
978,10/8/25 2:03,9.24
979,10/8/25 2:03,4.34
980,10/8/25 2:03,1.33
981,10/8/25 2:04,1.32
982,10/8/25 2:04,1.03
983,10/8/25 2:04,3.40
984,10/8/25 2:04,1.07
985,10/8/25 2:05,1.13
986,10/8/25 2:05,2.83
987,10/8/25 2:05,3.62
988,10/8/25 2:05,1.10
989,10/8/25 2:06,33.67
990,10/8/25 2:06,1.19
991,10/8/25 2:07,1.44
992,10/8/25 2:07,3.48
993,10/8/25 2:07,2.80
994,10/8/25 2:07,1.00
995,10/8/25 2:08,1.51
996,10/8/25 2:08,7.37
997,10/8/25 2:08,2.87
998,10/8/25 2:09,5.37
999,10/8/25 2:09,1.94
1000,10/8/25 2:09,1.38
1001,10/8/25 2:10,1.28
1002,10/8/25 2:10,1.64
1003,10/8/25 2:10,3.61
1004,10/8/25 2:11,8.78
1005,10/8/25 2:11,1.10
1006,10/8/25 2:11,5.59
1007,10/8/25 2:12,1.33
1008,10/8/25 2:12,1.01
1009,10/8/25 2:12,2.71
1010,10/8/25 2:12,1.00
1011,10/8/25 2:12,1.39
1012,10/8/25 2:13,1.20
1013,10/8/25 2:13,2.16
1014,10/8/25 2:13,3.02
1015,10/8/25 2:14,1.49
1016,10/8/25 2:14,2.60
1017,10/8/25 2:14,3.06
1018,10/8/25 2:15,2.63
1019,10/8/25 2:15,1.95
1020,10/8/25 2:15,1.39
1021,10/8/25 2:15,1.10
1022,10/8/25 2:15,1.92
1023,10/8/25 2:16,1.49
1024,10/8/25 2:16,13.85
1025,10/8/25 2:17,5.47
1026,10/8/25 2:17,1.65
1027,10/8/25 2:17,2.42
1028,10/8/25 2:18,2.37
1029,10/8/25 2:18,2.27
1030,10/8/25 2:19,34.02
1031,10/8/25 2:19,1.82
1032,10/8/25 2:19,1.04
1033,10/8/25 2:19,1.10
1034,10/8/25 2:20,6.70
1035,10/8/25 2:20,1.06
1036,10/8/25 2:21,14.90
1037,10/8/25 2:21,1.11
1038,10/8/25 2:21,1.18
1039,10/8/25 2:21,4.81
1040,10/8/25 2:22,1.90
1041,10/8/25 2:22,2.21
1042,10/8/25 2:22,1.01
1043,10/8/25 2:22,3.95
1044,10/8/25 2:23,1.50
1045,10/8/25 2:23,2.68
1046,10/8/25 2:23,1.41
1047,10/8/25 2:24,1.74
1048,10/8/25 2:24,1.23
1049,10/8/25 2:24,4.10
1050,10/8/25 2:24,3.93
1051,10/8/25 2:25,12.97
1052,10/8/25 2:26,10.68
1053,10/8/25 2:26,1.42
1054,10/8/25 2:26,1.00
1055,10/8/25 2:26,2.49
1056,10/8/25 2:26,1.45
1057,10/8/25 2:27,1.30
1058,10/8/25 2:27,2.31
1059,10/8/25 2:27,5.61
1060,10/8/25 2:28,5.48
1061,10/8/25 2:28,9.46
1062,10/8/25 2:29,7.58
1063,10/8/25 2:29,1.64
1064,10/8/25 2:29,1.42
1065,10/8/25 2:30,1.63
1066,10/8/25 2:30,2.26
1067,10/8/25 2:30,1.00
1068,10/8/25 2:30,1.50
1069,10/8/25 2:30,1.51
1070,10/8/25 2:31,1.38
1071,10/8/25 2:31,4.63
1072,10/8/25 2:31,2.84
1073,10/8/25 2:32,1.00
1074,10/8/25 2:32,4.76
1075,10/8/25 2:32,1.20
1076,10/8/25 2:33,4.53
1077,10/8/25 2:33,1.57
1078,10/8/25 2:33,2.47
1079,10/8/25 2:33,2.91
1080,10/8/25 2:34,1.00
1081,10/8/25 2:34,24.26
1082,10/8/25 2:35,1.86
1083,10/8/25 2:35,1.19
1084,10/8/25 2:35,2.19
1085,10/8/25 2:35,2.62
1086,10/8/25 2:36,1.63
1087,10/8/25 2:36,4.00
1088,10/8/25 2:36,2.34
1089,10/8/25 2:37,1.11
1090,10/8/25 2:37,1.29
1091,10/8/25 2:37,1.38
1092,10/8/25 2:37,1.56
1093,10/8/25 2:37,1.00
1094,10/8/25 2:38,1.31
1095,10/8/25 2:38,2.22
1096,10/8/25 2:38,10.91
1097,10/8/25 2:39,3.75
1098,10/8/25 2:39,3.18
1099,10/8/25 2:39,2.28
1100,10/8/25 2:40,1.58
1101,10/8/25 2:40,1.12
1102,10/8/25 2:40,2.70
1103,10/8/25 2:40,1.14
1104,10/8/25 2:41,4.40
1105,10/8/25 2:41,6.16
1106,10/8/25 2:42,3.88
1107,10/8/25 2:42,1.89
1108,10/8/25 2:42,2.28
1109,10/8/25 2:42,2.57
1110,10/8/25 2:43,1.22
1111,10/8/25 2:43,2.32
1112,10/8/25 2:43,1.06
1113,10/8/25 2:43,1.25
1114,10/8/25 2:44,1.07
1115,10/8/25 2:44,1.19
1116,10/8/25 2:44,1.00
1117,10/8/25 2:44,1.09
1118,10/8/25 2:44,1.53
1119,10/8/25 2:45,1.73
1120,10/8/25 2:45,6.67
1121,10/8/25 2:46,6.38
1122,10/8/25 2:46,7.10
1123,10/8/25 2:46,3.65
1124,10/8/25 2:47,1.00
1125,10/8/25 2:47,1.14
1126,10/8/25 2:47,1.40
1127,10/8/25 2:47,2.41
1128,10/8/25 2:48,1.10
1129,10/8/25 2:48,3.04
1130,10/8/25 2:48,1.00
1131,10/8/25 2:48,1.10
1132,10/8/25 2:49,6.01
1133,10/8/25 2:49,1.14
1134,10/8/25 2:49,1.67
1135,10/8/25 2:49,1.76
1136,10/8/25 2:50,9.92
1137,10/8/25 2:50,4.24
1138,10/8/25 2:51,2.15
1139,10/8/25 2:51,1.00
1140,10/8/25 2:51,4.08
1141,10/8/25 2:51,1.16
1142,10/8/25 2:52,4.21
1143,10/8/25 2:52,1.02
1144,10/8/25 2:52,2.21
1145,10/8/25 2:52,1.66
1146,10/8/25 2:53,2.21
1147,10/8/25 2:53,1.83
1148,10/8/25 2:53,1.13
1149,10/8/25 2:53,2.06
1150,10/8/25 2:54,1.48
1151,10/8/25 2:54,5.98
1152,10/8/25 2:54,1.36
1153,10/8/25 2:55,1.23
1154,10/8/25 2:55,1.32
1155,10/8/25 2:55,2.09
1156,10/8/25 2:56,9.56
1157,10/8/25 2:56,5.09
1158,10/8/25 2:56,3.35
1159,10/8/25 2:57,2.81
1160,10/8/25 2:57,1.29
1161,10/8/25 2:57,1.18
1162,10/8/25 2:57,1.08
1163,10/8/25 2:58,13.17
1164,10/8/25 2:58,2.36
1165,10/8/25 2:58,2.13
1166,10/8/25 2:59,7.68
1167,10/8/25 2:59,6.19
1168,10/8/25 2:59,1.13
1169,10/8/25 3:00,1.83
1170,10/8/25 3:00,5.78
1171,10/8/25 3:01,13.40
1172,10/8/25 3:01,1.30
1173,10/8/25 3:01,1.08
1174,10/8/25 3:02,5.50
1175,10/8/25 3:02,1.03
1176,10/8/25 3:02,26.99
1177,10/8/25 3:03,1.40
1178,10/8/25 3:03,1.88
1179,10/8/25 3:04,21.98
1180,10/8/25 3:04,1.05
1181,10/8/25 3:04,1.10
1182,10/8/25 3:04,1.00
1183,10/8/25 3:05,20.03
1184,10/8/25 3:05,1.00
1185,10/8/25 3:05,1.01
1186,10/8/25 3:05,1.00
1187,10/8/25 3:06,1.03
1188,10/8/25 3:06,4.20
1189,10/8/25 3:06,1.78
1190,10/8/25 3:07,10.40
1191,10/8/25 3:07,12.01
1192,10/8/25 3:07,1.02
1193,10/8/25 3:08,1.10
1194,10/8/25 3:08,1.27
1195,10/8/25 3:08,3.85
1196,10/8/25 3:08,1.28
1197,10/8/25 3:09,4.96
1198,10/8/25 3:09,1.66
1199,10/8/25 3:09,1.19
1200,10/8/25 3:10,1.83
1201,10/8/25 3:10,11.36
1202,10/8/25 3:10,3.56
1203,10/8/25 3:11,1.28
1204,10/8/25 3:11,3.18
1205,10/8/25 3:12,24.57
1206,10/8/25 3:12,1.56
1207,10/8/25 3:12,7.75
1208,10/8/25 3:13,1.71
1209,10/8/25 3:13,1.13
1210,10/8/25 3:13,2.89
1211,10/8/25 3:13,1.33
1212,10/8/25 3:14,2.07
1213,10/8/25 3:14,1.61
1214,10/8/25 3:14,2.35
1215,10/8/25 3:15,1.93
1216,10/8/25 3:15,4.95
1217,10/8/25 3:15,4.94
1218,10/8/25 3:16,1.15
1219,10/8/25 3:16,12.66
1220,10/8/25 3:16,4.58
1221,10/8/25 3:17,1.00
1222,10/8/25 3:17,4.01
1223,10/8/25 3:17,1.42
1224,10/8/25 3:18,1.67
1225,10/8/25 3:18,1.00
1226,10/8/25 3:18,23.75
1227,10/8/25 3:19,1.11
1228,10/8/25 3:19,1.01
1229,10/8/25 3:19,4.50
1230,10/8/25 3:19,2.11
1231,10/8/25 3:20,1.23
1232,10/8/25 3:20,1.00
1233,10/8/25 3:20,1.39
1234,10/8/25 3:20,1.17
1235,10/8/25 3:20,1.12
1236,10/8/25 3:21,1.52
1237,10/8/25 3:21,15.46
1238,10/8/25 3:22,1.51
1239,10/8/25 3:22,27.44
1240,10/8/25 3:23,1.73
1241,10/8/25 3:23,1.29
1242,10/8/25 3:23,1.23
1243,10/8/25 3:23,1.57
1244,10/8/25 3:24,4.61
1245,10/8/25 3:24,1.41
1246,10/8/25 3:24,3.34
1247,10/8/25 3:24,1.32
1248,10/8/25 3:25,1.20
1249,10/8/25 3:25,2.18
1250,10/8/25 3:25,1.31
1251,10/8/25 3:26,3.46
1252,10/8/25 3:26,2.37
1253,10/8/25 3:26,19.87
1254,10/8/25 3:27,4.30
1255,10/8/25 3:27,2.88
1256,10/8/25 3:27,1.47
1257,10/8/25 3:28,2.00
1258,10/8/25 3:28,8.57
1259,10/8/25 3:28,1.01
1260,10/8/25 3:29,1.50
1261,10/8/25 3:29,1.32
1262,10/8/25 3:29,2.94
1263,10/8/25 3:29,2.72
1264,10/8/25 3:30,1.00
1265,10/8/25 3:30,1.15
1266,10/8/25 3:30,6.02
1267,10/8/25 3:31,24.37
1268,10/8/25 3:31,1.35
1269,10/8/25 3:31,1.79
1270,10/8/25 3:32,1.04
1271,10/8/25 3:32,7.56
1272,10/8/25 3:32,1.54
1273,10/8/25 3:33,1.04
1274,10/8/25 3:33,1.38
1275,10/8/25 3:33,1.06
1276,10/8/25 3:33,1.18
1277,10/8/25 3:34,8.01
1278,10/8/25 3:34,1.21
1279,10/8/25 3:34,2.21
1280,10/8/25 3:34,1.10
1281,10/8/25 3:35,1.03
1282,10/8/25 3:35,1.42
1283,10/8/25 3:35,2.46
1284,10/8/25 3:35,1.00
1285,10/8/25 3:36,26.27
1286,10/8/25 3:36,1.36
1287,10/8/25 3:37,2.95
1288,10/8/25 3:37,4.05
1289,10/8/25 3:37,1.24
1290,10/8/25 3:37,2.19
1291,10/8/25 3:38,1.27
1292,10/8/25 3:38,10.27
1293,10/8/25 3:38,1.54
1294,10/8/25 3:39,1.23
1295,10/8/25 3:39,2.04
1296,10/8/25 3:39,5.94
1297,10/8/25 3:40,2.15
1298,10/8/25 3:40,1.08
1299,10/8/25 3:40,2.18
1300,10/8/25 3:41,4.20
1301,10/8/25 3:41,1.71
1302,10/8/25 3:41,5.97
1303,10/8/25 3:41,1.56
1304,10/8/25 3:42,2.24
1305,10/8/25 3:42,4.86
1306,10/8/25 3:42,3.70
1307,10/8/25 3:43,3.60
1308,10/8/25 3:43,1.04
1309,10/8/25 3:44,25.64
1310,10/8/25 3:44,1.82
1311,10/8/25 3:45,22.62
1312,10/8/25 3:45,27.83
1313,10/8/25 3:46,15.36
1314,10/8/25 3:46,1.00
1315,10/8/25 3:46,1.19
1316,10/8/25 3:47,1.09
1317,10/8/25 3:47,2.87
1318,10/8/25 3:47,2.00
1319,10/8/25 3:47,2.56
1320,10/8/25 3:48,1.41
1321,10/8/25 3:48,1.74
1322,10/8/25 3:48,1.21
1323,10/8/25 3:48,1.23
1324,10/8/25 3:49,2.49
1325,10/8/25 3:49,1.84
1326,10/8/25 3:49,2.59
1327,10/8/25 3:50,1.58
1328,10/8/25 3:50,2.58
1329,10/8/25 3:50,1.39
1330,10/8/25 3:51,5.14
1331,10/8/25 3:51,3.86
1332,10/8/25 3:51,1.87
1333,10/8/25 3:52,6.68
1334,10/8/25 3:52,1.10
1335,10/8/25 3:52,2.79
1336,10/8/25 3:52,1.53
1337,10/8/25 3:53,3.87
1338,10/8/25 3:53,1.00
1339,10/8/25 3:53,4.54
1340,10/8/25 3:53,1.00
1341,10/8/25 3:54,4.72
1342,10/8/25 3:54,1.98
1343,10/8/25 3:54,1.10
1344,10/8/25 3:55,2.38
1345,10/8/25 3:55,2.35
1346,10/8/25 3:55,1.07
1347,10/8/25 3:55,1.00
1348,10/8/25 3:56,2.16
1349,10/8/25 3:56,1.05
1350,10/8/25 3:56,1.94
1351,10/8/25 3:56,9.32
1352,10/8/25 3:57,2.91
1353,10/8/25 3:57,2.99
1354,10/8/25 3:57,1.94
1355,10/8/25 3:58,1.09
1356,10/8/25 3:58,2.67
1357,10/8/25 3:58,1.42
1358,10/8/25 3:59,3.25
1359,10/8/25 3:59,2.89
1360,10/8/25 3:59,4.37
1361,10/8/25 3:59,1.10
1362,10/8/25 4:00,3.62
1363,10/8/25 4:00,22.01
1364,10/8/25 4:01,1.63
1365,10/8/25 4:01,1.55
1366,10/8/25 4:01,1.13
1367,10/8/25 4:01,1.17
1368,10/8/25 4:02,1.21
1369,10/8/25 4:02,5.58
1370,10/8/25 4:02,8.86
1371,10/8/25 4:03,8.35
1372,10/8/25 4:03,4.34
1373,10/8/25 4:04,24.07
1374,10/8/25 4:04,1.07
1375,10/8/25 4:04,1.38
1376,10/8/25 4:05,5.29
1377,10/8/25 4:05,1.62
1378,10/8/25 4:05,2.11
1379,10/8/25 4:06,1.26
1380,10/8/25 4:06,1.91
1381,10/8/25 4:06,2.00
1382,10/8/25 4:06,1.38
1383,10/8/25 4:07,1.77
1384,10/8/25 4:07,1.06
1385,10/8/25 4:07,1.31
1386,10/8/25 4:07,1.28
1387,10/8/25 4:08,6.99
1388,10/8/25 4:08,3.09
1389,10/8/25 4:09,7.92
1390,10/8/25 4:09,1.94
1391,10/8/25 4:09,1.00
1392,10/8/25 4:09,6.09
1393,10/8/25 4:10,2.64
1394,10/8/25 4:10,2.11
1395,10/8/25 4:10,1.51
1396,10/8/25 4:11,1.99
1397,10/8/25 4:11,1.26
1398,10/8/25 4:11,2.73
1399,10/8/25 4:11,1.92
1400,10/8/25 4:12,4.71
1401,10/8/25 4:12,2.12
1402,10/8/25 4:12,1.89
1403,10/8/25 4:12,1.03
1404,10/8/25 4:13,15.36
1405,10/8/25 4:13,4.58
1406,10/8/25 4:14,2.11
1407,10/8/25 4:14,1.31
1408,10/8/25 4:14,1.19
1409,10/8/25 4:14,1.17
1410,10/8/25 4:15,2.25
1411,10/8/25 4:15,2.66
1412,10/8/25 4:15,1.21
1413,10/8/25 4:16,2.02
1414,10/8/25 4:16,1.51
1415,10/8/25 4:16,1.83
1416,10/8/25 4:16,2.07
1417,10/8/25 4:17,1.65
1418,10/8/25 4:17,4.62
1419,10/8/25 4:17,1.26
1420,10/8/25 4:17,1.04
1421,10/8/25 4:18,2.02
1422,10/8/25 4:18,1.16
1423,10/8/25 4:18,2.31
1424,10/8/25 4:18,1.37
1425,10/8/25 4:19,5.41
1426,10/8/25 4:19,20.94
1427,10/8/25 4:20,2.03
1428,10/8/25 4:20,1.57
1429,10/8/25 4:20,2.33
1430,10/8/25 4:21,2.45
1431,10/8/25 4:21,1.79
1432,10/8/25 4:21,8.52
1433,10/8/25 4:22,1.11
1434,10/8/25 4:22,1.31
1435,10/8/25 4:22,1.02
1436,10/8/25 4:22,1.01
1437,10/8/25 4:23,3.26
1438,10/8/25 4:23,1.49
1439,10/8/25 4:23,4.90
1440,10/8/25 4:23,1.74
1441,10/8/25 4:24,1.50
1442,10/8/25 4:24,1.64
1443,10/8/25 4:24,1.54
1444,10/8/25 4:25,19.62
1445,10/8/25 4:25,1.43
1446,10/8/25 4:25,1.03
1447,10/8/25 4:25,1.02
1448,10/8/25 4:26,1.00
1449,10/8/25 4:26,1.76
1450,10/8/25 4:27,21.24
1451,10/8/25 4:27,1.97
1452,10/8/25 4:27,3.73
1453,10/8/25 4:28,29.71
1454,10/8/25 4:28,1.68
1455,10/8/25 4:28,1.93
1456,10/8/25 4:29,1.18
1457,10/8/25 4:29,1.40
1458,10/8/25 4:29,2.73
1459,10/8/25 4:29,1.13
1460,10/8/25 4:30,1.44
1461,10/8/25 4:30,1.74
1462,10/8/25 4:30,2.10
1463,10/8/25 4:31,8.86
1464,10/8/25 4:31,1.44
1465,10/8/25 4:31,1.46
1466,10/8/25 4:32,20.09
1467,10/8/25 4:32,1.17
1468,10/8/25 4:32,1.66
1469,10/8/25 4:33,12.51
1470,10/8/25 4:33,21.47
1471,10/8/25 4:34,1.16
1472,10/8/25 4:34,8.04
1473,10/8/25 4:34,1.05
1474,10/8/25 4:35,2.10
1475,10/8/25 4:35,1.10
1476,10/8/25 4:35,13.51
1477,10/8/25 4:36,1.43
1478,10/8/25 4:36,1.43
1479,10/8/25 4:36,1.95
1480,10/8/25 4:36,1.15
1481,10/8/25 4:37,4.82
1482,10/8/25 4:37,2.75
1483,10/8/25 4:37,6.10
1484,10/8/25 4:38,1.52
1485,10/8/25 4:38,1.66
1486,10/8/25 4:38,10.60
1487,10/8/25 4:39,4.24
1488,10/8/25 4:40,25.50
1489,10/8/25 4:40,2.83
1490,10/8/25 4:40,1.79
1491,10/8/25 4:40,1.30
1492,10/8/25 4:41,1.20
1493,10/8/25 4:41,3.42
1494,10/8/25 4:41,1.99
1495,10/8/25 4:42,9.35
1496,10/8/25 4:42,1.26
1497,10/8/25 4:42,3.43
1498,10/8/25 4:43,2.83
1499,10/8/25 4:43,1.45
1500,10/8/25 4:43,1.18
1501,10/8/25 4:43,2.79
1502,10/8/25 4:44,1.21
1503,10/8/25 4:44,1.00
1504,10/8/25 4:44,2.98
1505,10/8/25 4:45,22.22
1506,10/8/25 4:45,10.45
1507,10/8/25 4:46,1.35
1508,10/8/25 4:46,1.49
1509,10/8/25 4:46,1.80
1510,10/8/25 4:46,4.38
1511,10/8/25 4:47,2.66
1512,10/8/25 4:47,3.35
1513,10/8/25 4:47,1.20
1514,10/8/25 4:48,1.19
1515,10/8/25 4:48,1.08
1516,10/8/25 4:48,23.88
1517,10/8/25 4:49,10.40
1518,10/8/25 4:50,33.66
1519,10/8/25 4:50,3.76
1520,10/8/25 4:50,4.36
1521,10/8/25 4:51,7.72
1522,10/8/25 4:51,3.71
1523,10/8/25 4:51,2.31
1524,10/8/25 4:52,3.07
1525,10/8/25 4:52,1.10
1526,10/8/25 4:52,1.28
1527,10/8/25 4:53,2.64
1528,10/8/25 4:53,1.08
1529,10/8/25 4:53,2.71
1530,10/8/25 4:53,1.25
1531,10/8/25 4:54,1.23
1532,10/8/25 4:54,2.20
1533,10/8/25 4:54,1.77
1534,10/8/25 4:54,2.72
1535,10/8/25 4:55,1.68
1536,10/8/25 4:55,5.65
1537,10/8/25 4:55,2.91
1538,10/8/25 4:56,1.25
1539,10/8/25 4:56,1.03
1540,10/8/25 4:56,1.44
1541,10/8/25 4:56,1.88
1542,10/8/25 4:57,1.61
1543,10/8/25 4:57,1.04
1544,10/8/25 4:57,1.25
1545,10/8/25 4:57,1.35
1546,10/8/25 4:58,2.52
1547,10/8/25 4:58,1.63
1548,10/8/25 4:58,1.06
1549,10/8/25 4:58,2.32
1550,10/8/25 4:59,6.43
1551,10/8/25 4:59,1.54
1552,10/8/25 4:59,1.78
1553,10/8/25 4:59,1.57
1554,10/8/25 5:00,21.91
1555,10/8/25 5:00,2.03
1556,10/8/25 5:01,1.16
1557,10/8/25 5:01,12.23
1558,10/8/25 5:01,2.94
1559,10/8/25 5:02,2.38
1560,10/8/25 5:02,1.40
1561,10/8/25 5:02,1.04
1562,10/8/25 5:03,3.09
1563,10/8/25 5:03,2.27
1564,10/8/25 5:03,1.15
1565,10/8/25 5:03,1.13
1566,10/8/25 5:04,3.69
1567,10/8/25 5:04,1.04
1568,10/8/25 5:04,2.71
1569,10/8/25 5:05,25.20
1570,10/8/25 5:05,5.95
1571,10/8/25 5:06,1.97
1572,10/8/25 5:06,1.04
1573,10/8/25 5:06,1.73
1574,10/8/25 5:06,5.64
1575,10/8/25 5:07,1.91
1576,10/8/25 5:07,1.56
1577,10/8/25 5:07,9.16
1578,10/8/25 5:08,2.16
1579,10/8/25 5:08,1.28
1580,10/8/25 5:08,2.42
1581,10/8/25 5:08,1.44
1582,10/8/25 5:09,24.17
1583,10/8/25 5:09,2.94
1584,10/8/25 5:10,1.44
1585,10/8/25 5:10,24.98
1586,10/8/25 5:11,20.26
1587,10/8/25 5:11,5.48
1588,10/8/25 5:12,26.35
1589,10/8/25 5:12,1.47
1590,10/8/25 5:13,4.33
1591,10/8/25 5:13,3.46
1592,10/8/25 5:13,1.14
1593,10/8/25 5:14,1.04
1594,10/8/25 5:14,1.56
1595,10/8/25 5:14,1.06
1596,10/8/25 5:14,1.69
1597,10/8/25 5:15,1.59
1598,10/8/25 5:15,3.27
1599,10/8/25 5:15,20.68
1600,10/8/25 5:16,4.17
1601,10/8/25 5:16,1.09
1602,10/8/25 5:17,21.50
1603,10/8/25 5:17,13.78
1604,10/8/25 5:18,9.73
1605,10/8/25 5:18,2.42
1606,10/8/25 5:18,1.56
1607,10/8/25 5:19,19.52
1608,10/8/25 5:19,1.51
1609,10/8/25 5:19,2.57
1610,10/8/25 5:20,1.41
1611,10/8/25 5:20,2.44
1612,10/8/25 5:20,1.51
1613,10/8/25 5:21,1.38
1614,10/8/25 5:21,1.42
1615,10/8/25 5:21,1.33
1616,10/8/25 5:21,1.18
1617,10/8/25 5:22,2.31
1618,10/8/25 5:22,5.36
1619,10/8/25 5:22,1.55
1620,10/8/25 5:23,4.14
1621,10/8/25 5:23,3.32
1622,10/8/25 5:23,1.00
1623,10/8/25 5:23,2.85
1624,10/8/25 5:24,1.20
1625,10/8/25 5:24,13.20
1626,10/8/25 5:24,1.95
1627,10/8/25 5:25,1.15
1628,10/8/25 5:25,2.55
1629,10/8/25 5:25,2.96
1630,10/8/25 5:26,1.63
1631,10/8/25 5:26,1.21
1632,10/8/25 5:26,12.69
1633,10/8/25 5:27,2.08
1634,10/8/25 5:27,1.31
1635,10/8/25 5:27,1.53
1636,10/8/25 5:27,1.49
1637,10/8/25 5:28,1.03
1638,10/8/25 5:28,14.89
1639,10/8/25 5:28,2.67
1640,10/8/25 5:29,1.04
1641,10/8/25 5:29,6.27
1642,10/8/25 5:29,1.74
1643,10/8/25 5:30,22.39
1644,10/8/25 5:30,1.01
1645,10/8/25 5:30,1.07
1646,10/8/25 5:31,30.58
1647,10/8/25 5:31,1.05
1648,10/8/25 5:32,1.37
1649,10/8/25 5:32,1.46
1650,10/8/25 5:32,2.95
1651,10/8/25 5:33,7.01
1652,10/8/25 5:33,1.42
1653,10/8/25 5:33,1.89
1654,10/8/25 5:33,4.40
1655,10/8/25 5:34,12.15
1656,10/8/25 5:34,1.45
1657,10/8/25 5:34,1.29
1658,10/8/25 5:35,1.01
1659,10/8/25 5:35,1.14
1660,10/8/25 5:35,1.35
1661,10/8/25 5:35,1.56
1662,10/8/25 5:36,21.91
1663,10/8/25 5:36,1.29
1664,10/8/25 5:36,1.17
1665,10/8/25 5:37,8.23
1666,10/8/25 5:37,3.57
1667,10/8/25 5:37,2.11
1668,10/8/25 5:38,1.32
1669,10/8/25 5:38,1.09
1670,10/8/25 5:38,1.37
1671,10/8/25 5:39,14.74
1672,10/8/25 5:39,1.02
1673,10/8/25 5:39,2.09
1674,10/8/25 5:40,23.01
1675,10/8/25 5:40,2.02
1676,10/8/25 5:41,4.61
1677,10/8/25 5:41,1.64
1678,10/8/25 5:41,12.22
1679,10/8/25 5:42,1.15
1680,10/8/25 5:42,3.46
1681,10/8/25 5:43,23.45
1682,10/8/25 5:43,2.21
1683,10/8/25 5:43,1.98
1684,10/8/25 5:44,4.40
1685,10/8/25 5:44,8.81
1686,10/8/25 5:45,12.03
1687,10/8/25 5:45,2.32
1688,10/8/25 5:45,23.22
1689,10/8/25 5:46,1.33
1690,10/8/25 5:46,2.34
1691,10/8/25 5:46,3.19
1692,10/8/25 5:47,1.15
1693,10/8/25 5:47,2.43
1694,10/8/25 5:47,6.17
1695,10/8/25 5:48,2.90
1696,10/8/25 5:48,2.08
1697,10/8/25 5:48,2.18
1698,10/8/25 5:49,3.24
1699,10/8/25 5:49,1.47
1700,10/8/25 5:49,2.04
1701,10/8/25 5:49,1.41
1702,10/8/25 5:50,1.25
1703,10/8/25 5:50,1.00
1704,10/8/25 5:50,1.81
1705,10/8/25 5:50,8.42
1706,10/8/25 5:51,1.15
1707,10/8/25 5:51,1.04
1708,10/8/25 5:51,1.42
1709,10/8/25 5:51,5.54
1710,10/8/25 5:52,2.42
1711,10/8/25 5:52,2.03
1712,10/8/25 5:52,2.77
1713,10/8/25 5:53,21.17
1714,10/8/25 5:53,2.75
1715,10/8/25 5:54,13.47
1716,10/8/25 5:54,3.97
1717,10/8/25 5:55,4.36
1718,10/8/25 5:55,11.85
1719,10/8/25 5:55,1.53
1720,10/8/25 5:56,1.13
1721,10/8/25 5:56,1.65
1722,10/8/25 5:56,1.35
1723,10/8/25 5:56,1.38
1724,10/8/25 5:57,1.00
1725,10/8/25 5:57,3.87
1726,10/8/25 5:57,1.52
1727,10/8/25 5:57,3.95
1728,10/8/25 5:58,1.15
1729,10/8/25 5:58,1.00
1730,10/8/25 5:58,16.14
1731,10/8/25 5:59,1.46
1732,10/8/25 5:59,5.31
1733,10/8/25 5:59,1.93
1734,10/8/25 6:00,2.48
1735,10/8/25 6:00,2.74
1736,10/8/25 6:00,1.03
1737,10/8/25 6:01,3.84
1738,10/8/25 6:01,1.09
1739,10/8/25 6:01,2.92
1740,10/8/25 6:01,1.67
1741,10/8/25 6:02,8.10
1742,10/8/25 6:02,8.34
1743,10/8/25 6:03,1.76
1744,10/8/25 6:03,5.04
1745,10/8/25 6:03,1.03
1746,10/8/25 6:03,3.34
1747,10/8/25 6:04,1.51
1748,10/8/25 6:04,7.88
1749,10/8/25 6:05,8.17
1750,10/8/25 6:05,1.32
1751,10/8/25 6:05,3.02
1752,10/8/25 6:05,1.23
1753,10/8/25 6:06,2.23
1754,10/8/25 6:06,1.21
1755,10/8/25 6:06,2.12
1756,10/8/25 6:06,1.30
1757,10/8/25 6:07,2.48
1758,10/8/25 6:07,1.73
1759,10/8/25 6:07,8.87
1760,10/8/25 6:08,2.86
1761,10/8/25 6:08,6.90
1762,10/8/25 6:08,1.04
1763,10/8/25 6:09,1.21
1764,10/8/25 6:09,1.00
1765,10/8/25 6:09,1.47
1766,10/8/25 6:10,34.12
1767,10/8/25 6:10,1.12
1768,10/8/25 6:10,1.26
1769,10/8/25 6:11,2.21
1770,10/8/25 6:11,1.98
1771,10/8/25 6:11,1.00
1772,10/8/25 6:11,7.15
1773,10/8/25 6:12,2.10
1774,10/8/25 6:12,1.22
1775,10/8/25 6:12,2.11
1776,10/8/25 6:13,7.84
1777,10/8/25 6:13,2.29
1778,10/8/25 6:14,16.91
1779,10/8/25 6:14,1.46
1780,10/8/25 6:14,1.26
1781,10/8/25 6:14,5.37
1782,10/8/25 6:15,1.16
1783,10/8/25 6:15,1.02
1784,10/8/25 6:15,1.03
1785,10/8/25 6:15,1.51
1786,10/8/25 6:16,3.30
1787,10/8/25 6:16,2.33
1788,10/8/25 6:16,2.18
1789,10/8/25 6:17,1.54
1790,10/8/25 6:17,1.36
1791,10/8/25 6:17,1.15
1792,10/8/25 6:17,2.63
1793,10/8/25 6:18,4.99
1794,10/8/25 6:18,1.07
1795,10/8/25 6:18,1.09
1796,10/8/25 6:19,26.24
1797,10/8/25 6:19,1.08
1798,10/8/25 6:19,1.14
1799,10/8/25 6:20,15.86
1800,10/8/25 6:20,1.15
1801,10/8/25 6:20,1.06
1802,10/8/25 6:21,8.77
1803,10/8/25 6:21,1.00
1804,10/8/25 6:21,5.69
1805,10/8/25 6:22,1.49
1806,10/8/25 6:22,1.25
1807,10/8/25 6:22,20.53
1808,10/8/25 6:23,1.29
1809,10/8/25 6:23,1.03
1810,10/8/25 6:23,8.25
1811,10/8/25 6:24,1.51
1812,10/8/25 6:24,1.07
1813,10/8/25 6:24,1.12
1814,10/8/25 6:24,1.22
1815,10/8/25 6:24,2.06
1816,10/8/25 6:25,2.26
1817,10/8/25 6:25,1.07
1818,10/8/25 6:25,2.18
1819,10/8/25 6:25,1.00
1820,10/8/25 6:26,1.12
1821,10/8/25 6:26,8.39
1822,10/8/25 6:26,1.30
1823,10/8/25 6:27,1.21
1824,10/8/25 6:27,1.07
1825,10/8/25 6:27,1.60
1826,10/8/25 6:27,2.44
1827,10/8/25 6:27,1.01
1828,10/8/25 6:28,1.27
1829,10/8/25 6:28,1.13
1830,10/8/25 6:28,1.35
1831,10/8/25 6:28,1.52
1832,10/8/25 6:29,1.18
1833,10/8/25 6:29,3.99
1834,10/8/25 6:29,1.06
1835,10/8/25 6:29,1.45
1836,10/8/25 6:30,1.77
1837,10/8/25 6:30,1.23
1838,10/8/25 6:30,1.71
1839,10/8/25 6:30,1.05
1840,10/8/25 6:31,1.15
1841,10/8/25 6:31,2.96
1842,10/8/25 6:31,8.41
1843,10/8/25 6:32,5.84
1844,10/8/25 6:32,2.09
1845,10/8/25 6:32,4.01
1846,10/8/25 6:33,1.33
1847,10/8/25 6:33,1.00
1848,10/8/25 6:33,10.58
1849,10/8/25 6:34,1.31
1850,10/8/25 6:34,3.60
1851,10/8/25 6:34,1.64
1852,10/8/25 6:35,4.57
1853,10/8/25 6:35,1.41
1854,10/8/25 6:35,1.43
1855,10/8/25 6:35,1.33
1856,10/8/25 6:36,1.25
1857,10/8/25 6:36,1.51
1858,10/8/25 6:36,1.51
1859,10/8/25 6:36,1.58
1860,10/8/25 6:36,1.07
1861,10/8/25 6:37,1.61
1862,10/8/25 6:37,2.37
1863,10/8/25 6:37,2.46
1864,10/8/25 6:38,1.73
1865,10/8/25 6:38,3.14
1866,10/8/25 6:38,1.50
1867,10/8/25 6:38,1.62
1868,10/8/25 6:39,7.95
1869,10/8/25 6:40,32.38
1870,10/8/25 6:40,1.08
1871,10/8/25 6:40,2.06
1872,10/8/25 6:41,13.48
1873,10/8/25 6:41,1.09
1874,10/8/25 6:41,1.18
1875,10/8/25 6:41,1.19
1876,10/8/25 6:42,1.08
1877,10/8/25 6:42,1.03
1878,10/8/25 6:42,3.99
1879,10/8/25 6:43,9.69
1880,10/8/25 6:43,1.61
1881,10/8/25 6:43,7.57
1882,10/8/25 6:44,21.21
1883,10/8/25 6:44,1.31
1884,10/8/25 6:45,32.89
1885,10/8/25 6:45,12.09
1886,10/8/25 6:46,1.06
1887,10/8/25 6:46,1.16
1888,10/8/25 6:46,1.01
1889,10/8/25 6:46,2.41
1890,10/8/25 6:47,1.17
1891,10/8/25 6:47,13.88
1892,10/8/25 6:48,4.16
1893,10/8/25 6:48,3.00
1894,10/8/25 6:48,1.41
1895,10/8/25 6:48,2.71
1896,10/8/25 6:49,1.79
1897,10/8/25 6:49,1.65
1898,10/8/25 6:49,2.29
1899,10/8/25 6:50,2.21
1900,10/8/25 6:50,12.85
1901,10/8/25 6:50,4.10
1902,10/8/25 6:51,1.58
1903,10/8/25 6:51,24.75
1904,10/8/25 6:52,3.50
1905,10/8/25 6:52,3.66
1906,10/8/25 6:52,2.97
1907,10/8/25 6:53,2.15
1908,10/8/25 6:53,1.82
1909,10/8/25 6:53,1.30
1910,10/8/25 6:53,1.77
1911,10/8/25 6:54,1.16
1912,10/8/25 6:54,2.30
1913,10/8/25 6:54,3.51
1914,10/8/25 6:55,8.77
1915,10/8/25 6:55,9.13
1916,10/8/25 6:56,9.61
1917,10/8/25 6:56,1.15
1918,10/8/25 6:56,1.16
1919,10/8/25 6:56,1.60
1920,10/8/25 6:57,3.00
1921,10/8/25 6:57,20.99
1922,10/8/25 6:58,1.50
1923,10/8/25 6:58,6.08
1924,10/8/25 6:58,1.79
1925,10/8/25 6:59,2.90
1926,10/8/25 6:59,1.05
1927,10/8/25 6:59,1.15
1928,10/8/25 6:59,1.00
1929,10/8/25 7:00,2.92
1930,10/8/25 7:00,2.47
1931,10/8/25 7:00,1.09
1932,10/8/25 7:00,1.22
1933,10/8/25 7:01,1.21
1934,10/8/25 7:01,1.42
1935,10/8/25 7:01,2.72
1936,10/8/25 7:01,1.02
1937,10/8/25 7:02,4.22
1938,10/8/25 7:02,1.49
1939,10/8/25 7:02,9.95
1940,10/8/25 7:03,3.78
1941,10/8/25 7:03,1.13
1942,10/8/25 7:03,2.71
1943,10/8/25 7:04,24.31
1944,10/8/25 7:04,1.08
1945,10/8/25 7:04,2.23
1946,10/8/25 7:05,1.00
1947,10/8/25 7:05,1.07
1948,10/8/25 7:05,4.16
1949,10/8/25 7:05,1.86
1950,10/8/25 7:06,30.35
1951,10/8/25 7:06,1.32
1952,10/8/25 7:07,1.67
1953,10/8/25 7:07,1.53
1954,10/8/25 7:07,2.48
1955,10/8/25 7:08,30.04
1956,10/8/25 7:08,1.31
1957,10/8/25 7:09,3.05
1958,10/8/25 7:09,1.45
1959,10/8/25 7:09,10.28
1960,10/8/25 7:10,2.71
1961,10/8/25 7:10,2.77
1962,10/8/25 7:10,2.58
1963,10/8/25 7:11,8.01
1964,10/8/25 7:11,1.10
1965,10/8/25 7:11,1.53
1966,10/8/25 7:12,3.41
1967,10/8/25 7:12,1.16
1968,10/8/25 7:12,2.18
1969,10/8/25 7:12,1.97
1970,10/8/25 7:13,1.48
1971,10/8/25 7:13,2.09
1972,10/8/25 7:13,2.98
1973,10/8/25 7:13,2.48
1974,10/8/25 7:14,19.81
1975,10/8/25 7:14,1.04
1976,10/8/25 7:15,1.38
1977,10/8/25 7:15,1.94
1978,10/8/25 7:15,4.88
1979,10/8/25 7:15,1.22
1980,10/8/25 7:16,5.17
1981,10/8/25 7:16,1.00
1982,10/8/25 7:16,3.42
1983,10/8/25 7:17,1.19
1984,10/8/25 7:17,2.34
1985,10/8/25 7:17,1.04
1986,10/8/25 7:17,1.67
1987,10/8/25 7:18,2.41
1988,10/8/25 7:18,4.26
1989,10/8/25 7:18,1.02
1990,10/8/25 7:19,19.95
1991,10/8/25 7:19,3.40
1992,10/8/25 7:20,7.17
1993,10/8/25 7:20,1.79
1994,10/8/25 7:20,2.46
1995,10/8/25 7:20,1.02
1996,10/8/25 7:21,1.30
1997,10/8/25 7:21,34.14
1998,10/8/25 7:22,2.96
1999,10/8/25 7:22,10.03
2000,10/8/25 7:22,1.32
2001,10/8/25 7:23,2.20
2002,10/8/25 7:23,4.27
2003,10/8/25 7:23,1.00
2004,10/8/25 7:24,2.27
2005,10/8/25 7:24,2.26
2006,10/8/25 7:24,1.14
2007,10/8/25 7:25,21.72
2008,10/8/25 7:25,5.53
2009,10/8/25 7:25,2.59
2010,10/8/25 7:26,18.44
2011,10/8/25 7:27,15.36
2012,10/8/25 7:27,1.12
2013,10/8/25 7:27,1.16
2014,10/8/25 7:27,7.87
2015,10/8/25 7:28,1.00
2016,10/8/25 7:28,2.77
2017,10/8/25 7:29,26.59
2018,10/8/25 7:29,1.11
2019,10/8/25 7:30,24.82
2020,10/8/25 7:30,8.31
2021,10/8/25 7:30,3.31
2022,10/8/25 7:31,22.19
2023,10/8/25 7:31,8.69
2024,10/8/25 7:32,2.35
2025,10/8/25 7:32,1.19
2026,10/8/25 7:32,1.72
2027,10/8/25 7:32,1.32
2028,10/8/25 7:33,1.21
2029,10/8/25 7:33,1.06
2030,10/8/25 7:33,1.01
2031,10/8/25 7:33,1.45
2032,10/8/25 7:34,1.15
2033,10/8/25 7:34,2.42
2034,10/8/25 7:34,1.24
2035,10/8/25 7:34,2.12
2036,10/8/25 7:35,2.22
2037,10/8/25 7:35,1.44
2038,10/8/25 7:35,1.38
2039,10/8/25 7:36,7.57
2040,10/8/25 7:36,10.76
2041,10/8/25 7:36,1.03
2042,10/8/25 7:37,1.91
2043,10/8/25 7:37,7.12
2044,10/8/25 7:37,1.06
2045,10/8/25 7:37,1.16
2046,10/8/25 7:38,6.65
2047,10/8/25 7:38,3.24
2048,10/8/25 7:38,1.00
2049,10/8/25 7:39,1.22
2050,10/8/25 7:39,1.05
2051,10/8/25 7:39,2.07
2052,10/8/25 7:39,1.13
2053,10/8/25 7:40,4.64
2054,10/8/25 7:40,26.41
2055,10/8/25 7:41,1.00
2056,10/8/25 7:41,3.96
2057,10/8/25 7:41,4.87
2058,10/8/25 7:42,1.43
2059,10/8/25 7:42,4.53
2060,10/8/25 7:42,1.72
2061,10/8/25 7:43,8.17
2062,10/8/25 7:43,2.25
2063,10/8/25 7:43,2.21
2064,10/8/25 7:44,2.99
2065,10/8/25 7:44,1.10
2066,10/8/25 7:44,2.94
2067,10/8/25 7:45,7.47
2068,10/8/25 7:45,1.11
2069,10/8/25 7:45,16.43
2070,10/8/25 7:46,3.94
2071,10/8/25 7:46,1.10
2072,10/8/25 7:46,5.59
2073,10/8/25 7:47,5.19
2074,10/8/25 7:47,1.00
2075,10/8/25 7:47,1.83
2076,10/8/25 7:47,1.08
2077,10/8/25 7:48,2.85
2078,10/8/25 7:48,1.00
2079,10/8/25 7:48,1.00
2080,10/8/25 7:48,1.03
2081,10/8/25 7:49,8.93
2082,10/8/25 7:49,10.49
2083,10/8/25 7:50,3.82
2084,10/8/25 7:50,1.83
2085,10/8/25 7:50,1.34
2086,10/8/25 7:50,1.31
2087,10/8/25 7:50,1.00
2088,10/8/25 7:51,1.02
2089,10/8/25 7:51,4.74
2090,10/8/25 7:51,1.48
2091,10/8/25 7:52,2.74
2092,10/8/25 7:52,6.37
2093,10/8/25 7:52,7.83
2094,10/8/25 7:53,3.44
2095,10/8/25 7:53,2.29
2096,10/8/25 7:53,1.00
2097,10/8/25 7:54,5.26
2098,10/8/25 7:54,10.95
2099,10/8/25 7:54,1.49
2100,10/8/25 7:55,1.00
2101,10/8/25 7:55,20.25
2102,10/8/25 7:55,1.24
2103,10/8/25 7:56,1.35
2104,10/8/25 7:56,1.27
2105,10/8/25 7:56,1.09
2106,10/8/25 7:56,1.00
2107,10/8/25 7:57,3.48
2108,10/8/25 7:57,1.11
2109,10/8/25 7:57,2.99
2110,10/8/25 7:58,24.05
2111,10/8/25 7:58,2.39
2112,10/8/25 7:59,2.55
2113,10/8/25 7:59,1.05
2114,10/8/25 7:59,2.89
2115,10/8/25 7:59,2.05
2116,10/8/25 8:00,1.10
2117,10/8/25 8:00,2.59
2118,10/8/25 8:00,1.49
2119,10/8/25 8:00,1.44
2120,10/8/25 8:01,13.96
2121,10/8/25 8:01,8.01
2122,10/8/25 8:02,1.81
2123,10/8/25 8:02,1.27
2124,10/8/25 8:02,2.15
2125,10/8/25 8:03,7.06
2126,10/8/25 8:03,1.66
2127,10/8/25 8:03,1.51
2128,10/8/25 8:03,1.12
2129,10/8/25 8:03,1.11
2130,10/8/25 8:04,1.10
2131,10/8/25 8:04,1.77
2132,10/8/25 8:04,1.42
2133,10/8/25 8:05,21.94
2134,10/8/25 8:05,14.57
2135,10/8/25 8:06,4.24
2136,10/8/25 8:06,1.65
2137,10/8/25 8:06,1.49
2138,10/8/25 8:07,1.79
2139,10/8/25 8:07,1.04
2140,10/8/25 8:07,2.81
2141,10/8/25 8:07,1.40
2142,10/8/25 8:08,1.58
2143,10/8/25 8:08,15.97
2144,10/8/25 8:08,1.84
2145,10/8/25 8:09,2.32
2146,10/8/25 8:09,5.89
2147,10/8/25 8:10,15.16
2148,10/8/25 8:10,1.11
2149,10/8/25 8:10,1.15
2150,10/8/25 8:10,1.83
2151,10/8/25 8:11,2.40
2152,10/8/25 8:11,1.20
2153,10/8/25 8:11,1.37
2154,10/8/25 8:11,1.22
2155,10/8/25 8:12,3.99
2156,10/8/25 8:12,1.05
2157,10/8/25 8:12,1.54
2158,10/8/25 8:13,3.16
2159,10/8/25 8:13,2.24
2160,10/8/25 8:14,22.63
2161,10/8/25 8:14,1.04
2162,10/8/25 8:14,1.35
2163,10/8/25 8:14,1.24
2164,10/8/25 8:14,1.77
2165,10/8/25 8:15,1.62
2166,10/8/25 8:15,4.46
2167,10/8/25 8:15,1.10
2168,10/8/25 8:16,2.15
2169,10/8/25 8:16,1.74
2170,10/8/25 8:17,24.10
2171,10/8/25 8:17,1.35
2172,10/8/25 8:17,7.82
2173,10/8/25 8:18,9.16
2174,10/8/25 8:18,1.18
2175,10/8/25 8:18,2.01
2176,10/8/25 8:18,1.20
2177,10/8/25 8:19,5.92
2178,10/8/25 8:19,4.79
2179,10/8/25 8:20,4.05
2180,10/8/25 8:20,2.16
2181,10/8/25 8:20,13.49
2182,10/8/25 8:21,15.17
2183,10/8/25 8:22,20.92
2184,10/8/25 8:22,2.30
2185,10/8/25 8:22,1.60
2186,10/8/25 8:23,4.68
2187,10/8/25 8:23,1.10
2188,10/8/25 8:23,1.94
2189,10/8/25 8:23,4.46
2190,10/8/25 8:24,1.57
2191,10/8/25 8:24,2.32
2192,10/8/25 8:24,3.56
2193,10/8/25 8:24,1.05
2194,10/8/25 8:25,1.41
2195,10/8/25 8:25,1.65
2196,10/8/25 8:25,1.95
2197,10/8/25 8:25,1.00
2198,10/8/25 8:26,1.48
2199,10/8/25 8:26,1.92
2200,10/8/25 8:26,3.22
2201,10/8/25 8:27,24.57
2202,10/8/25 8:27,8.87
2203,10/8/25 8:28,5.01
2204,10/8/25 8:28,1.13
2205,10/8/25 8:28,1.27
2206,10/8/25 8:29,2.20
2207,10/8/25 8:29,1.89
2208,10/8/25 8:29,8.13
2209,10/8/25 8:30,2.28
2210,10/8/25 8:30,3.22
2211,10/8/25 8:30,1.59
2212,10/8/25 8:31,3.45
2213,10/8/25 8:31,4.46
2214,10/8/25 8:31,1.66
2215,10/8/25 8:32,2.59
2216,10/8/25 8:32,1.12
2217,10/8/25 8:32,4.45
2218,10/8/25 8:32,1.00
2219,10/8/25 8:33,3.57
2220,10/8/25 8:33,1.36
2221,10/8/25 8:33,2.44
2222,10/8/25 8:33,1.08
2223,10/8/25 8:34,16.39
2224,10/8/25 8:34,1.47
2225,10/8/25 8:34,1.00
2226,10/8/25 8:35,1.40
2227,10/8/25 8:35,3.89
2228,10/8/25 8:36,14.71
2229,10/8/25 8:36,1.37
2230,10/8/25 8:36,1.25
2231,10/8/25 8:36,1.27
2232,10/8/25 8:37,3.88
2233,10/8/25 8:37,5.30
2234,10/8/25 8:37,9.57
2235,10/8/25 8:38,1.04
2236,10/8/25 8:38,1.17
2237,10/8/25 8:38,7.47
2238,10/8/25 8:39,1.03
2239,10/8/25 8:39,1.03
2240,10/8/25 8:39,5.73
2241,10/8/25 8:39,1.13
2242,10/8/25 8:40,2.01
2243,10/8/25 8:40,22.37
2244,10/8/25 8:41,9.01
2245,10/8/25 8:41,5.78
2246,10/8/25 8:41,1.12
2247,10/8/25 8:42,1.04
2248,10/8/25 8:42,1.38
2249,10/8/25 8:42,1.54
2250,10/8/25 8:42,1.13
2251,10/8/25 8:43,3.42
2252,10/8/25 8:43,1.16
2253,10/8/25 8:43,21.89
2254,10/8/25 8:44,1.41
2255,10/8/25 8:44,2.43
2256,10/8/25 8:44,1.43
2257,10/8/25 8:45,3.99
2258,10/8/25 8:45,1.22
2259,10/8/25 8:45,1.72
2260,10/8/25 8:45,1.52
2261,10/8/25 8:46,1.00
2262,10/8/25 8:46,1.38
2263,10/8/25 8:46,1.11
2264,10/8/25 8:46,2.39
2265,10/8/25 8:47,14.86
2266,10/8/25 8:47,1.65
2267,10/8/25 8:47,1.49
2268,10/8/25 8:48,18.88
2269,10/8/25 8:48,7.29
2270,10/8/25 8:49,1.08
2271,10/8/25 8:49,23.71
2272,10/8/25 8:50,1.66
2273,10/8/25 8:50,1.08
2274,10/8/25 8:50,4.68
2275,10/8/25 8:51,2.93
2276,10/8/25 8:51,1.07
2277,10/8/25 8:51,2.45
2278,10/8/25 8:51,2.96
2279,10/8/25 8:52,2.89
2280,10/8/25 8:52,2.35
2281,10/8/25 8:53,33.00
2282,10/8/25 8:53,1.00
2283,10/8/25 8:53,1.95
2284,10/8/25 8:53,1.80
2285,10/8/25 8:54,1.09
2286,10/8/25 8:54,1.34
2287,10/8/25 8:54,1.94
2288,10/8/25 8:54,1.58
2289,10/8/25 8:55,2.50
2290,10/8/25 8:55,1.18
2291,10/8/25 8:55,1.19
2292,10/8/25 8:55,2.37
2293,10/8/25 8:56,1.10
2294,10/8/25 8:56,24.60
2295,10/8/25 8:57,1.17
2296,10/8/25 8:57,9.41
2297,10/8/25 8:57,2.33
2298,10/8/25 8:58,1.20
2299,10/8/25 8:58,14.10
2300,10/8/25 8:58,1.95
2301,10/8/25 8:59,1.10
2302,10/8/25 8:59,2.44
2303,10/8/25 8:59,3.40
2304,10/8/25 9:00,8.32
2305,10/8/25 9:00,1.69
2306,10/8/25 9:00,1.65
2307,10/8/25 9:00,1.18
2308,10/8/25 9:01,1.55
2309,10/8/25 9:01,1.64
2310,10/8/25 9:01,1.87
2311,10/8/25 9:01,1.19
2312,10/8/25 9:02,3.19
2313,10/8/25 9:02,3.71
2314,10/8/25 9:02,1.26
2315,10/8/25 9:03,1.25
2316,10/8/25 9:03,7.04
2317,10/8/25 9:03,3.02
2318,10/8/25 9:04,1.70
2319,10/8/25 9:04,1.00
2320,10/8/25 9:04,2.66
2321,10/8/25 9:04,4.61
2322,10/8/25 9:05,1.40
2323,10/8/25 9:05,2.00
2324,10/8/25 9:05,5.83
2325,10/8/25 9:06,32.06
2326,10/8/25 9:06,1.16
2327,10/8/25 11:50,17.81
2328,10/8/25 11:51,2.94
2329,10/8/25 11:51,4.48
2330,10/8/25 11:51,3.24
2331,10/8/25 11:52,1.46
2332,10/8/25 11:52,1.21
2333,10/8/25 11:52,1.00
2334,10/8/25 11:52,2.98
2335,10/8/25 11:53,1.06
2336,10/8/25 11:53,4.27
2337,10/8/25 11:53,1.02
2338,10/8/25 11:54,12.09
2339,10/8/25 11:54,7.44
2340,10/8/25 11:54,1.75
2341,10/8/25 11:55,1.34
2342,10/8/25 11:55,2.51
2343,10/8/25 11:55,1.07
2344,10/8/25 11:55,1.22
2345,10/8/25 11:56,1.09
2346,10/8/25 11:56,1.29
2347,10/8/25 11:56,1.04
2348,10/8/25 11:56,2.38
2349,10/8/25 11:57,13.27
2350,10/8/25 11:57,3.36
2351,10/8/25 11:57,1.47
2352,10/8/25 11:58,5.66
2353,10/8/25 11:58,1.50
2354,10/8/25 11:58,1.35
2355,10/8/25 11:59,1.08
2356,10/8/25 11:59,2.20
2357,10/8/25 12:00,24.06
2358,10/8/25 12:00,5.76
2359,10/8/25 12:00,3.21
2360,10/8/25 12:01,2.05
2361,10/8/25 12:01,1.05
2362,10/8/25 12:01,7.01
2363,10/8/25 12:01,1.51
2364,10/8/25 12:02,3.44
2365,10/8/25 12:02,1.67
2366,10/8/25 12:03,31.61
2367,10/8/25 12:03,10.26
2368,10/8/25 12:04,2.14
2369,10/8/25 12:04,1.30
2370,10/8/25 12:04,4.40
2371,10/8/25 12:04,1.30
2372,10/8/25 12:05,1.97
2373,10/8/25 12:05,1.12
2374,10/8/25 12:05,1.11
2375,10/8/25 12:05,1.42
2376,10/8/25 12:06,1.76
2377,10/8/25 12:06,22.98
2378,10/8/25 12:07,4.98
2379,10/8/25 12:07,5.19
2380,10/8/25 12:07,1.00
2381,10/8/25 12:07,1.26
2382,10/8/25 12:08,1.56
2383,10/8/25 12:08,1.39
2384,10/8/25 12:08,3.14
2385,10/8/25 12:09,4.30
2386,10/8/25 12:09,1.00
2387,10/8/25 12:09,1.70
2388,10/8/25 12:09,1.59
2389,10/8/25 12:10,8.85
2390,10/8/25 12:10,7.47
2391,10/8/25 12:10,1.21
2392,10/8/25 12:11,5.75
2393,10/8/25 12:11,1.29
2394,10/8/25 12:11,3.43
2395,10/8/25 12:12,2.68
2396,10/8/25 12:12,2.23
2397,10/8/25 12:12,2.04
2398,10/8/25 12:13,25.30
2399,10/8/25 12:13,1.08
2400,10/8/25 12:13,1.49
2401,10/8/25 12:14,1.97
2402,10/8/25 12:14,10.49
2403,10/8/25 12:15,1.31
2404,10/8/25 12:15,4.88
2405,10/8/25 12:15,1.04
2406,10/8/25 12:15,1.61
2407,10/8/25 12:16,1.24
2408,10/8/25 12:16,2.07
2409,10/8/25 12:16,1.29
2410,10/8/25 12:16,1.53
2411,10/8/25 12:17,2.11
2412,10/8/25 12:17,1.72
2413,10/8/25 12:17,3.70
2414,10/8/25 12:17,1.15
2415,10/8/25 12:18,1.40
2416,10/8/25 12:18,1.02
2417,10/8/25 12:19,27.11
2418,10/8/25 12:19,30.32
2419,10/8/25 12:20,2.67
2420,10/8/25 12:20,2.15
2421,10/8/25 12:20,3.14
2422,10/8/25 12:21,1.38
2423,10/8/25 12:21,1.32
2424,10/8/25 12:21,3.32
2425,10/8/25 12:22,7.59
2426,10/8/25 12:22,4.81
2427,10/8/25 12:22,2.52
2428,10/8/25 12:23,2.90
2429,10/8/25 12:23,1.00
2430,10/8/25 12:23,1.28
2431,10/8/25 12:23,9.20
2432,10/8/25 12:24,7.26
2433,10/8/25 12:24,1.11
2434,10/8/25 12:24,3.48
2435,10/8/25 12:25,1.46
2436,10/8/25 12:25,1.01
2437,10/8/25 12:25,1.27
2438,10/8/25 12:25,3.64
2439,10/8/25 12:26,1.03
2440,10/8/25 12:26,1.23
2441,10/8/25 12:26,1.38
2442,10/8/25 12:26,1.95
2443,10/8/25 12:27,1.42
2444,10/8/25 12:27,17.26
2445,10/8/25 12:27,1.03
2446,10/8/25 12:28,34.63
2447,10/8/25 12:28,1.18
2448,10/8/25 12:29,1.55
2449,10/8/25 12:29,2.01
2450,10/8/25 12:29,4.44
2451,10/8/25 12:30,3.00
2452,10/8/25 12:30,31.63
2453,10/8/25 12:31,34.95
2454,10/8/25 12:32,2.86
2455,10/8/25 12:32,1.03
2456,10/8/25 12:32,1.26
2457,10/8/25 12:32,1.43
2458,10/8/25 12:33,1.90
2459,10/8/25 12:33,2.91
2460,10/8/25 12:33,3.58
2461,10/8/25 12:33,1.08
2462,10/8/25 12:34,1.04
2463,10/8/25 12:34,2.28
2464,10/8/25 12:34,18.80
2465,10/8/25 12:35,7.38
2466,10/8/25 12:35,1.72
2467,10/8/25 12:35,1.22
2468,10/8/25 12:36,1.18
2469,10/8/25 12:36,23.20
2470,10/8/25 12:37,1.48
2471,10/8/25 12:37,1.00
2472,10/8/25 12:37,1.00
2473,10/8/25 12:37,4.15
2474,10/8/25 12:38,3.11
2475,10/8/25 12:38,1.03
2476,10/8/25 12:38,1.20
2477,10/8/25 12:38,1.03
2478,10/8/25 12:38,1.29
2479,10/8/25 12:39,1.88
2480,10/8/25 12:39,1.38
2481,10/8/25 12:39,3.22
2482,10/8/25 12:40,1.13
2483,10/8/25 12:40,8.53
2484,10/8/25 12:41,19.66
2485,10/8/25 12:41,1.00
2486,10/8/25 12:41,1.00
2487,10/8/25 12:41,1.14
2488,10/8/25 12:42,2.49
2489,10/8/25 12:42,5.64
2490,10/8/25 12:42,4.95
2491,10/8/25 12:43,1.15
2492,10/8/25 12:43,1.80
2493,10/8/25 12:43,1.49
2494,10/8/25 12:44,8.19
2495,10/8/25 12:44,1.50
2496,10/8/25 12:44,1.27
2497,10/8/25 12:44,1.51
2498,10/8/25 12:45,3.37
2499,10/8/25 12:45,1.06
2500,10/8/25 12:45,2.55
2501,10/8/25 12:45,1.93
2502,10/8/25 12:46,22.10
2503,10/8/25 12:46,3.66
2504,10/8/25 12:47,1.20
2505,10/8/25 12:47,1.09
2506,10/8/25 12:47,1.07
2507,10/8/25 12:47,5.40
2508,10/8/25 12:48,24.26
2509,10/8/25 12:48,2.29
2510,10/8/25 12:49,3.36
2511,10/8/25 12:49,5.33
2512,10/8/25 12:49,1.29
2513,10/8/25 12:50,1.03
2514,10/8/25 12:50,4.41
2515,10/8/25 12:50,3.01
2516,10/8/25 12:51,3.35
2517,10/8/25 12:51,1.40
2518,10/8/25 12:51,2.37
2519,10/8/25 12:51,1.31
2520,10/8/25 12:52,1.22
2521,10/8/25 12:52,1.68
2522,10/8/25 12:52,2.48
2523,10/8/25 12:53,11.18
2524,10/8/25 12:53,1.36
2525,10/8/25 12:54,13.25
2526,10/8/25 12:54,1.82
2527,10/8/25 12:54,25.18
2528,10/8/25 12:55,2.79
2529,10/8/25 12:55,2.76
2530,10/8/25 12:56,11.51
2531,10/8/25 12:56,2.35
2532,10/8/25 12:56,4.06
2533,10/8/25 12:57,1.96
2534,10/8/25 12:57,3.01
2535,10/8/25 12:57,2.65
2536,10/8/25 12:58,2.39
2537,10/8/25 12:58,1.91
2538,10/8/25 12:58,5.95
2539,10/8/25 12:58,2.31
2540,10/8/25 12:59,1.24
2541,10/8/25 12:59,2.53
2542,10/8/25 12:59,1.14
2543,10/8/25 13:00,3.23
2544,10/8/25 13:00,1.85
2545,10/8/25 13:00,1.72
2546,10/8/25 13:00,2.35
2547,10/8/25 13:01,10.94
2548,10/8/25 13:01,2.32
2549,10/8/25 13:02,4.40
2550,10/8/25 13:02,1.88
2551,10/8/25 13:02,1.57
2552,10/8/25 13:03,1.52
2553,10/8/25 13:03,1.23
2554,10/8/25 13:03,2.24
2555,10/8/25 13:03,1.04
2556,10/8/25 13:04,2.51
2557,10/8/25 13:04,3.81
2558,10/8/25 13:04,6.14
2559,10/8/25 13:05,2.74
2560,10/8/25 13:05,1.21
2561,10/8/25 13:06,28.77
2562,10/8/25 13:06,1.83
2563,10/8/25 13:06,1.50
2564,10/8/25 13:06,1.08
2565,10/8/25 13:07,1.01
2566,10/8/25 13:07,1.00
2567,10/8/25 13:07,1.02
2568,10/8/25 13:07,1.28
2569,10/8/25 13:08,2.42
2570,10/8/25 13:08,1.00
2571,10/8/25 13:08,3.97
2572,10/8/25 13:08,1.29
2573,10/8/25 13:09,1.38
2574,10/8/25 13:09,1.41
2575,10/8/25 13:09,2.57
2576,10/8/25 13:09,4.19
2577,10/8/25 13:10,1.23
2578,10/8/25 13:10,1.67
2579,10/8/25 13:10,4.35
2580,10/8/25 13:11,1.67
2581,10/8/25 13:11,3.12
2582,10/8/25 13:12,27.09
2583,10/8/25 13:12,10.33
2584,10/8/25 13:13,8.93
2585,10/8/25 13:13,1.11
2586,10/8/25 13:13,3.28
2587,10/8/25 13:13,1.14
2588,10/8/25 13:14,1.88
2589,10/8/25 13:14,1.59
2590,10/8/25 13:14,2.21
2591,10/8/25 13:14,1.25
2592,10/8/25 13:15,1.86
2593,10/8/25 13:15,2.96
2594,10/8/25 13:15,1.52
2595,10/8/25 13:16,1.30
2596,10/8/25 13:16,2.14

